Color,Direction,Eccentricity (degrees),Reaction Time (s),Correctness,1/2/3 Colors,Trial,Name,Attention,Circle Size (degrees),n = 12
"[0, 0, 255]",2,0,0.29387506,1,1,1,A,Overt,4,
"[0, 0, 255]",2,35,0.28712848,1,1,2,A,Overt,4,
"[0, 0, 255]",2,15,0.29767006,1,1,3,A,Overt,4,
"[0, 0, 255]",0,0,0.31749478,1,1,4,A,Overt,4,
"[0, 0, 255]",2,20,0.37825629,1,1,5,A,Overt,4,
"[0, 0, 255]",0,20,0.2662921,1,1,6,A,Overt,4,
"[0, 0, 255]",2,20,0.30120518,1,1,7,A,Overt,4,
"[0, 0, 255]",0,10,0.26740115,1,1,8,A,Overt,4,
"[0, 0, 255]",2,40,0.28069498,1,1,9,A,Overt,4,
"[0, 0, 255]",2,5,0.29603409,1,1,10,A,Overt,4,
"[0, 0, 255]",2,25,0.29934218,1,1,11,A,Overt,4,
"[0, 0, 255]",2,20,0.30812807,1,1,12,A,Overt,4,
"[0, 0, 255]",0,25,0.2910483,1,1,13,A,Overt,4,
"[0, 0, 255]",0,25,0.36055776,1,1,14,A,Overt,4,
"[0, 0, 255]",0,35,0.31058727,1,1,15,A,Overt,4,
"[0, 0, 255]",0,5,0.22743876,1,1,16,A,Overt,4,
"[0, 0, 255]",2,30,0.25729839,1,1,17,A,Overt,4,
"[0, 0, 255]",0,30,0.27738186,1,1,18,A,Overt,4,
"[0, 0, 255]",0,0,0.22454919,1,1,19,A,Overt,4,
"[0, 0, 255]",0,20,0.25225115,1,1,20,A,Overt,4,
"[0, 0, 255]",0,15,0.27587817,1,1,21,A,Overt,4,
"[0, 0, 255]",2,15,0.28180973,1,1,22,A,Overt,4,
"[0, 0, 255]",2,35,0.25492172,1,1,23,A,Overt,4,
"[0, 0, 255]",2,20,0.27007954,1,1,24,A,Overt,4,
"[0, 0, 255]",0,30,0.26374806,1,1,25,A,Overt,4,
"[0, 0, 255]",0,15,0.29778689,1,1,26,A,Overt,4,
"[0, 0, 255]",0,30,0.31346588,1,1,27,A,Overt,4,
"[0, 0, 255]",2,0,0.24775302,1,1,28,A,Overt,4,
"[0, 0, 255]",0,20,0.28235752,1,1,29,A,Overt,4,
"[0, 0, 255]",2,30,0.28529833,1,1,30,A,Overt,4,
"[0, 0, 255]",0,30,0.3029332,1,1,31,A,Overt,4,
"[0, 0, 255]",2,40,0.34599321,1,1,32,A,Overt,4,
"[0, 0, 255]",2,10,0.25806579,1,1,33,A,Overt,4,
"[0, 0, 255]",2,5,0.25486934,1,1,34,A,Overt,4,
"[0, 0, 255]",0,40,0.40477464,1,1,35,A,Overt,4,
"[0, 0, 255]",0,5,0.24630283,1,1,36,A,Overt,4,
"[0, 0, 255]",2,5,0.28385386,1,1,37,A,Overt,4,
"[0, 0, 255]",2,35,0.30611581,1,1,38,A,Overt,4,
"[0, 0, 255]",0,35,0.33407175,1,1,39,A,Overt,4,
"[0, 0, 255]",0,0,0.2574357,1,1,40,A,Overt,4,
"[0, 0, 255]",0,15,0.27016295,1,1,41,A,Overt,4,
"[0, 0, 255]",2,15,0.26970283,1,1,42,A,Overt,4,
"[0, 0, 255]",2,0,0.27718026,1,1,43,A,Overt,4,
"[0, 0, 255]",2,15,0.25600243,1,1,44,A,Overt,4,
"[0, 0, 255]",0,10,0.29618597,1,1,45,A,Overt,4,
"[0, 0, 255]",0,0,0.26008577,1,1,46,A,Overt,4,
"[0, 0, 255]",0,35,0.32143422,1,1,47,A,Overt,4,
"[0, 0, 255]",2,10,0.28766596,1,1,48,A,Overt,4,
"[0, 0, 255]",0,10,0.30967204,1,1,49,A,Overt,4,
"[0, 0, 255]",2,30,0.35449645,1,1,50,A,Overt,4,
"[0, 0, 255]",2,35,0.32101731,1,1,51,A,Overt,4,
"[0, 0, 255]",0,5,0.26174591,1,1,52,A,Overt,4,
"[0, 0, 255]",0,40,0.33329141,1,1,53,A,Overt,4,
"[0, 0, 255]",2,40,0.29345964,1,1,54,A,Overt,4,
"[0, 0, 255]",0,25,0.29699713,1,1,55,A,Overt,4,
"[0, 0, 255]",2,25,0.28977327,1,1,56,A,Overt,4,
"[0, 0, 255]",2,10,0.2526005,1,1,57,A,Overt,4,
"[0, 0, 255]",2,40,0.29405059,1,1,58,A,Overt,4,
"[0, 0, 255]",2,5,0.27287937,1,1,59,A,Overt,4,
"[0, 0, 255]",2,25,0.33897274,1,1,60,A,Overt,4,
"[0, 0, 255]",0,5,0.28398341,1,1,61,A,Overt,4,
"[0, 0, 255]",2,10,0.29904212,1,1,62,A,Overt,4,
"[0, 0, 255]",2,25,0.27404661,1,1,63,A,Overt,4,
"[0, 0, 255]",0,40,0.32359155,1,1,64,A,Overt,4,
"[0, 0, 255]",0,35,0.372073,1,1,65,A,Overt,4,
"[0, 0, 255]",2,0,0.28725203,1,1,66,A,Overt,4,
"[0, 0, 255]",0,25,0.33800408,1,1,67,A,Overt,4,
"[0, 0, 255]",0,10,0.32261371,1,1,68,A,Overt,4,
"[0, 0, 255]",0,15,0.30520983,1,1,69,A,Overt,4,
"[0, 0, 255]",0,40,0.39297605,1,1,70,A,Overt,4,
"[0, 0, 255]",0,20,0.33421438,1,1,71,A,Overt,4,
"[0, 0, 255]",2,30,0.40922929,1,1,72,A,Overt,4,
"[0, 0, 255]",2,0,0.27768653,1,1,1,A,Overt,4,
"[0, 0, 255]",0,25,0.26822818,1,1,2,A,Overt,4,
"[0, 0, 255]",2,25,0.24888214,1,1,3,A,Overt,4,
"[0, 0, 255]",0,0,0.22420992,1,1,4,A,Overt,4,
"[0, 0, 255]",0,20,0.25883561,1,1,5,A,Overt,4,
"[0, 0, 255]",0,0,0.27665148,1,1,6,A,Overt,4,
"[0, 0, 255]",2,25,0.24988636,1,1,7,A,Overt,4,
"[0, 0, 255]",0,35,0.28402676,1,1,8,A,Overt,4,
"[0, 0, 255]",0,15,0.28640978,1,1,9,A,Overt,4,
"[0, 0, 255]",2,15,0.24930318,1,1,10,A,Overt,4,
"[0, 0, 255]",2,35,0.27196914,1,1,11,A,Overt,4,
"[0, 0, 255]",0,10,0.26609482,1,1,12,A,Overt,4,
"[0, 0, 255]",0,25,0.2623757,1,1,13,A,Overt,4,
"[0, 0, 255]",2,30,0.24871993,1,1,14,A,Overt,4,
"[0, 0, 255]",0,0,0.24539537,1,1,15,A,Overt,4,
"[0, 0, 255]",2,5,0.23346306,1,1,16,A,Overt,4,
"[0, 0, 255]",2,30,0.2665144,1,1,17,A,Overt,4,
"[0, 0, 255]",2,0,0.25291395,1,1,18,A,Overt,4,
"[0, 0, 255]",0,30,0.27845133,1,1,19,A,Overt,4,
"[0, 0, 255]",0,30,0.25081663,1,1,20,A,Overt,4,
"[0, 0, 255]",2,40,0.24668754,1,1,21,A,Overt,4,
"[0, 0, 255]",2,10,0.26218763,1,1,22,A,Overt,4,
"[0, 0, 255]",2,20,0.27166878,1,1,23,A,Overt,4,
"[0, 0, 255]",0,30,0.27342229,1,1,24,A,Overt,4,
"[0, 0, 255]",2,15,0.26549665,1,1,25,A,Overt,4,
"[0, 0, 255]",2,5,0.24766873,1,1,26,A,Overt,4,
"[0, 0, 255]",2,25,0.24857413,1,1,27,A,Overt,4,
"[0, 0, 255]",0,40,0.36013377,1,1,28,A,Overt,4,
"[0, 0, 255]",0,5,0.28010062,1,1,29,A,Overt,4,
"[0, 0, 255]",0,30,0.26477724,1,1,30,A,Overt,4,
"[0, 0, 255]",2,35,0.28980952,1,1,31,A,Overt,4,
"[0, 0, 255]",2,40,0.30203951,1,1,32,A,Overt,4,
"[0, 0, 255]",0,10,0.27168901,1,1,33,A,Overt,4,
"[0, 0, 255]",0,25,0.26688103,1,1,34,A,Overt,4,
"[0, 0, 255]",0,0,0.23541369,1,1,35,A,Overt,4,
"[0, 0, 255]",0,20,0.25212386,1,1,36,A,Overt,4,
"[0, 0, 255]",0,15,0.22730093,1,1,37,A,Overt,4,
"[0, 0, 255]",0,5,0.23395998,1,1,38,A,Overt,4,
"[0, 0, 255]",0,40,0.24421655,1,1,39,A,Overt,4,
"[0, 0, 255]",0,35,0.25502063,1,1,40,A,Overt,4,
"[0, 0, 255]",0,10,0.24221662,1,1,41,A,Overt,4,
"[0, 0, 255]",2,40,0.25759924,1,1,42,A,Overt,4,
"[0, 0, 255]",0,5,0.20839512,1,1,43,A,Overt,4,
"[0, 0, 255]",0,20,0.22337395,1,1,44,A,Overt,4,
"[0, 0, 255]",0,15,0.2394477,1,1,45,A,Overt,4,
"[0, 0, 255]",0,10,0.24604651,1,1,46,A,Overt,4,
"[0, 0, 255]",2,35,0.25746728,1,1,47,A,Overt,4,
"[0, 0, 255]",2,25,0.23337428,1,1,48,A,Overt,4,
"[0, 0, 255]",2,10,0.21941715,1,1,49,A,Overt,4,
"[0, 0, 255]",0,35,0.2602383,1,1,50,A,Overt,4,
"[0, 0, 255]",2,15,0.24612071,1,1,51,A,Overt,4,
"[0, 0, 255]",0,25,0.24277689,1,1,52,A,Overt,4,
"[0, 0, 255]",2,15,0.22247381,1,1,53,A,Overt,4,
"[0, 0, 255]",2,35,0.26932764,1,1,54,A,Overt,4,
"[0, 0, 255]",2,30,0.24804408,1,1,55,A,Overt,4,
"[0, 0, 255]",2,30,0.26344577,1,1,56,A,Overt,4,
"[0, 0, 255]",2,10,0.22461493,1,1,57,A,Overt,4,
"[0, 0, 255]",2,40,0.26006081,1,1,58,A,Overt,4,
"[0, 0, 255]",0,15,0.25768221,1,1,59,A,Overt,4,
"[0, 0, 255]",2,20,0.23687568,1,1,60,A,Overt,4,
"[0, 0, 255]",0,20,0.23937282,1,1,61,A,Overt,4,
"[0, 0, 255]",2,0,0.24346018,1,1,62,A,Overt,4,
"[0, 0, 255]",0,5,0.24795645,1,1,63,A,Overt,4,
"[0, 0, 255]",2,5,0.22686701,1,1,64,A,Overt,4,
"[0, 0, 255]",0,40,0.25515972,1,1,65,A,Overt,4,
"[0, 0, 255]",2,5,0.23393437,1,1,66,A,Overt,4,
"[0, 0, 255]",2,10,0.22536179,1,1,67,A,Overt,4,
"[0, 0, 255]",2,20,0.25311064,1,1,68,A,Overt,4,
"[0, 0, 255]",0,35,0.24685282,1,1,69,A,Overt,4,
"[0, 0, 255]",2,0,0.24723423,1,1,70,A,Overt,4,
"[0, 0, 255]",2,20,0.27592789,1,1,71,A,Overt,4,
"[0, 0, 255]",0,40,0.26862808,1,1,72,A,Overt,4,
"[0, 0, 255]",2,35,0.33536654,1,1,1,C,Overt,4,
"[0, 0, 255]",2,25,0.29495116,1,1,2,C,Overt,4,
"[0, 0, 255]",0,15,0.29531961,1,1,3,C,Overt,4,
"[0, 0, 255]",2,30,0.2782274,1,1,4,C,Overt,4,
"[0, 0, 255]",0,30,0.30723141,1,1,5,C,Overt,4,
"[0, 0, 255]",2,0,0.23600691,1,1,6,C,Overt,4,
"[0, 0, 255]",2,20,0.27255015,1,1,7,C,Overt,4,
"[0, 0, 255]",0,5,0.26333938,1,1,8,C,Overt,4,
"[0, 0, 255]",0,30,0.30734769,1,1,9,C,Overt,4,
"[0, 0, 255]",0,40,0.30515081,1,1,10,C,Overt,4,
"[0, 0, 255]",2,10,0.27540191,1,1,11,C,Overt,4,
"[0, 0, 255]",2,20,0.2661824,1,1,12,C,Overt,4,
"[0, 0, 255]",2,5,0.30008304,1,1,13,C,Overt,4,
"[0, 0, 255]",2,40,0.27001162,1,1,14,C,Overt,4,
"[0, 0, 255]",0,15,0.28731367,1,1,15,C,Overt,4,
"[0, 0, 255]",2,0,0.26464537,1,1,16,C,Overt,4,
"[0, 0, 255]",2,0,0.26122559,1,1,17,C,Overt,4,
"[0, 0, 255]",0,35,0.30486285,1,1,18,C,Overt,4,
"[0, 0, 255]",2,25,0.24837593,1,1,19,C,Overt,4,
"[0, 0, 255]",2,15,0.25706364,1,1,20,C,Overt,4,
"[0, 0, 255]",2,20,0.27142227,1,1,21,C,Overt,4,
"[0, 0, 255]",0,35,0.15114673,1,1,22,C,Overt,4,
"[0, 0, 255]",2,0,0.25493936,1,1,23,C,Overt,4,
"[0, 0, 255]",2,40,0.21046957,1,1,24,C,Overt,4,
"[0, 0, 255]",0,20,0.28633868,1,1,25,C,Overt,4,
"[0, 0, 255]",0,25,0.24909186,1,1,26,C,Overt,4,
"[0, 0, 255]",0,0,0.2918123,1,1,27,C,Overt,4,
"[0, 0, 255]",0,10,0.21427416,1,1,28,C,Overt,4,
"[0, 0, 255]",2,10,0.21537755,1,1,29,C,Overt,4,
"[0, 0, 255]",0,10,0.26243804,1,1,30,C,Overt,4,
"[0, 0, 255]",2,30,0.25912906,1,1,31,C,Overt,4,
"[0, 0, 255]",2,30,0.33552022,1,1,32,C,Overt,4,
"[0, 0, 255]",2,25,0.25013692,1,1,33,C,Overt,4,
"[0, 0, 255]",2,35,0.24689304,1,1,34,C,Overt,4,
"[0, 0, 255]",2,5,0.25407971,1,1,35,C,Overt,4,
"[0, 0, 255]",0,40,0.25319588,1,1,36,C,Overt,4,
"[0, 0, 255]",2,15,0.27767449,1,1,37,C,Overt,4,
"[0, 0, 255]",2,20,0.25449369,1,1,38,C,Overt,4,
"[0, 0, 255]",2,35,0.25817331,1,1,39,C,Overt,4,
"[0, 0, 255]",0,35,0.27019882,1,1,40,C,Overt,4,
"[0, 0, 255]",0,0,0.28138496,1,1,41,C,Overt,4,
"[0, 0, 255]",2,25,0.19547593,1,1,42,C,Overt,4,
"[0, 0, 255]",2,30,0.23407407,1,1,43,C,Overt,4,
"[0, 0, 255]",0,0,0.25769379,1,1,44,C,Overt,4,
"[0, 0, 255]",0,40,0.2875001,1,1,45,C,Overt,4,
"[0, 0, 255]",2,40,0.23159067,1,1,46,C,Overt,4,
"[0, 0, 255]",2,10,0.07437862,1,1,47,C,Overt,4,
"[0, 0, 255]",0,35,0.30984257,1,1,48,C,Overt,4,
"[0, 0, 255]",2,35,0.22612274,1,1,49,C,Overt,4,
"[0, 0, 255]",2,40,0.24031798,1,1,50,C,Overt,4,
"[0, 0, 255]",0,30,0.29579149,1,1,51,C,Overt,4,
"[0, 0, 255]",0,15,0.26196581,1,1,52,C,Overt,4,
"[0, 0, 255]",0,5,0.21337828,1,1,53,C,Overt,4,
"[0, 0, 255]",0,40,-0.0246213,1,1,54,C,Overt,4,
"[0, 0, 255]",0,5,0.21879491,1,1,55,C,Overt,4,
"[0, 0, 255]",0,10,0.23889558,1,1,56,C,Overt,4,
"[0, 0, 255]",0,25,0.28299302,1,1,57,C,Overt,4,
"[0, 0, 255]",0,5,0.22627891,1,1,58,C,Overt,4,
"[0, 0, 255]",0,25,0.30715706,1,1,59,C,Overt,4,
"[0, 0, 255]",0,10,0.23564768,1,1,60,C,Overt,4,
"[0, 0, 255]",2,15,0.19937288,1,1,61,C,Overt,4,
"[0, 0, 255]",2,5,0.25046426,1,1,62,C,Overt,4,
"[0, 0, 255]",2,10,0.2250983,1,1,63,C,Overt,4,
"[0, 0, 255]",0,25,0.28051926,1,1,64,C,Overt,4,
"[0, 0, 255]",0,20,0.25303521,1,1,65,C,Overt,4,
"[0, 0, 255]",2,15,0.26183086,1,1,66,C,Overt,4,
"[0, 0, 255]",0,30,0.28711987,1,1,67,C,Overt,4,
"[0, 0, 255]",0,15,0.29740056,1,1,68,C,Overt,4,
"[0, 0, 255]",0,20,0.20297426,1,1,69,C,Overt,4,
"[0, 0, 255]",2,5,0.23726751,1,1,70,C,Overt,4,
"[0, 0, 255]",0,0,0.22539175,1,1,71,C,Overt,4,
"[0, 0, 255]",0,20,0.24685503,1,1,72,C,Overt,4,
"[0, 0, 255]",0,15,3.10459499,1,1,1,C,Overt,4,
"[0, 0, 255]",2,20,0.25700005,1,1,2,C,Overt,4,
"[0, 0, 255]",0,5,0.27684011,1,1,3,C,Overt,4,
"[0, 0, 255]",0,40,0.33095384,1,1,4,C,Overt,4,
"[0, 0, 255]",0,30,0.29695573,1,1,5,C,Overt,4,
"[0, 0, 255]",0,35,0.21837974,1,1,6,C,Overt,4,
"[0, 0, 255]",0,25,0.23064681,1,1,7,C,Overt,4,
"[0, 0, 255]",0,25,0.07500155,1,1,8,C,Overt,4,
"[0, 0, 255]",2,10,0.21938604,1,1,9,C,Overt,4,
"[0, 0, 255]",0,0,0.23594712,1,1,10,C,Overt,4,
"[0, 0, 255]",2,35,0.27057882,1,1,11,C,Overt,4,
"[0, 0, 255]",0,15,0.2569441,1,1,12,C,Overt,4,
"[0, 0, 255]",0,5,0.32487089,1,1,13,C,Overt,4,
"[0, 0, 255]",2,25,0.25137564,1,1,14,C,Overt,4,
"[0, 0, 255]",0,30,0.30965443,1,1,15,C,Overt,4,
"[0, 0, 255]",2,40,0.25467542,1,1,16,C,Overt,4,
"[0, 0, 255]",2,35,0.2793148,1,1,17,C,Overt,4,
"[0, 0, 255]",0,35,0.30487111,1,1,18,C,Overt,4,
"[0, 0, 255]",0,5,0.20603755,1,1,19,C,Overt,4,
"[0, 0, 255]",2,40,0.28009343,1,1,20,C,Overt,4,
"[0, 0, 255]",0,10,0.2394482,1,1,21,C,Overt,4,
"[0, 0, 255]",0,40,0.21405874,1,1,22,C,Overt,4,
"[0, 0, 255]",0,0,0.55967757,1,1,23,C,Overt,4,
"[0, 0, 255]",2,35,0.25770099,1,1,24,C,Overt,4,
"[0, 0, 255]",2,25,0.26505913,1,1,25,C,Overt,4,
"[0, 0, 255]",2,5,0.22585028,1,1,26,C,Overt,4,
"[0, 0, 255]",2,40,0.6120446,1,1,27,C,Overt,4,
"[0, 0, 255]",0,25,0.24926784,1,1,28,C,Overt,4,
"[0, 0, 255]",0,0,0.26927562,1,1,29,C,Overt,4,
"[0, 0, 255]",0,10,0.27155809,1,1,30,C,Overt,4,
"[0, 0, 255]",2,15,0.30268858,1,1,31,C,Overt,4,
"[0, 0, 255]",2,0,0.64726842,1,1,32,C,Overt,4,
"[0, 0, 255]",2,15,0.209073,1,1,33,C,Overt,4,
"[0, 0, 255]",0,20,0.2585454,1,1,34,C,Overt,4,
"[0, 0, 255]",0,20,0.29176997,1,1,35,C,Overt,4,
"[0, 0, 255]",2,15,0.23596954,1,1,36,C,Overt,4,
"[0, 0, 255]",0,20,0.78314149,1,1,37,C,Overt,4,
"[0, 0, 255]",2,5,0.27640392,1,1,38,C,Overt,4,
"[0, 0, 255]",2,0,0.31312179,1,1,39,C,Overt,4,
"[0, 0, 255]",2,10,0.24863775,1,1,40,C,Overt,4,
"[0, 0, 255]",2,35,0.33249463,1,1,41,C,Overt,4,
"[0, 0, 255]",2,25,0.29859321,1,1,42,C,Overt,4,
"[0, 0, 255]",2,20,0.26316246,1,1,43,C,Overt,4,
"[0, 0, 255]",2,30,0.26965506,1,1,44,C,Overt,4,
"[0, 0, 255]",0,30,0.32173604,1,1,45,C,Overt,4,
"[0, 0, 255]",2,20,0.26993422,1,1,46,C,Overt,4,
"[0, 0, 255]",0,0,0.27802715,1,1,47,C,Overt,4,
"[0, 0, 255]",0,5,0.29465903,1,1,48,C,Overt,4,
"[0, 0, 255]",2,30,0.27600901,1,1,49,C,Overt,4,
"[0, 0, 255]",2,25,0.31253312,1,1,50,C,Overt,4,
"[0, 0, 255]",2,0,0.26494254,1,1,51,C,Overt,4,
"[0, 0, 255]",2,10,0.32961012,1,1,52,C,Overt,4,
"[0, 0, 255]",2,5,0.31818188,1,1,53,C,Overt,4,
"[0, 0, 255]",0,15,0.32988305,1,1,54,C,Overt,4,
"[0, 0, 255]",0,10,0.32102316,1,1,55,C,Overt,4,
"[0, 0, 255]",2,10,0.29422858,1,1,56,C,Overt,4,
"[0, 0, 255]",0,15,0.45171404,1,1,57,C,Overt,4,
"[0, 0, 255]",0,10,0.27063782,1,1,58,C,Overt,4,
"[0, 0, 255]",0,30,0.30749076,1,1,59,C,Overt,4,
"[0, 0, 255]",0,35,0.40103104,1,1,60,C,Overt,4,
"[0, 0, 255]",2,30,0.27597789,1,1,61,C,Overt,4,
"[0, 0, 255]",2,40,0.22950981,1,1,62,C,Overt,4,
"[0, 0, 255]",2,30,0.26492432,1,1,63,C,Overt,4,
"[0, 0, 255]",0,25,0.24116498,1,1,64,C,Overt,4,
"[0, 0, 255]",0,40,0.2482477,1,1,65,C,Overt,4,
"[0, 0, 255]",2,20,0.26112176,1,1,66,C,Overt,4,
"[0, 0, 255]",0,35,0.22845251,1,1,67,C,Overt,4,
"[0, 0, 255]",2,5,0.21439599,1,1,68,C,Overt,4,
"[0, 0, 255]",0,40,0.25971358,1,1,69,C,Overt,4,
"[0, 0, 255]",0,20,0.21008576,1,1,70,C,Overt,4,
"[0, 0, 255]",2,0,0.27373824,1,1,71,C,Overt,4,
"[0, 0, 255]",2,15,0.22761859,1,1,72,C,Overt,4,
"[0, 0, 255]",0,35,0.28880255,1,1,1,D,Overt,4,
"[0, 0, 255]",0,25,0.27675371,1,1,2,D,Overt,4,
"[0, 0, 255]",2,35,0.1443796,1,1,3,D,Overt,4,
"[0, 0, 255]",2,40,0.23597177,1,1,4,D,Overt,4,
"[0, 0, 255]",2,25,0.17710067,1,1,5,D,Overt,4,
"[0, 0, 255]",0,5,0.19682741,1,1,6,D,Overt,4,
"[0, 0, 255]",0,5,0.16535972,1,1,7,D,Overt,4,
"[0, 0, 255]",2,35,0.16557232,1,1,8,D,Overt,4,
"[0, 0, 255]",2,5,0.23560376,1,1,9,D,Overt,4,
"[0, 0, 255]",0,10,0.30258684,1,1,10,D,Overt,4,
"[0, 0, 255]",0,35,0.23361738,1,1,11,D,Overt,4,
"[0, 0, 255]",2,30,0.23981652,1,1,12,D,Overt,4,
"[0, 0, 255]",0,25,0.23348211,1,1,13,D,Overt,4,
"[0, 0, 255]",2,40,0.23246057,1,1,14,D,Overt,4,
"[0, 0, 255]",0,15,0.22147486,1,1,15,D,Overt,4,
"[0, 0, 255]",0,40,0.36179931,1,1,16,D,Overt,4,
"[0, 0, 255]",2,30,0.24971719,1,1,17,D,Overt,4,
"[0, 0, 255]",0,0,0.23463529,1,1,18,D,Overt,4,
"[0, 0, 255]",2,35,0.20194148,1,1,19,D,Overt,4,
"[0, 0, 255]",2,20,0.15945009,1,1,20,D,Overt,4,
"[0, 0, 255]",0,20,0.1932566,1,1,21,D,Overt,4,
"[0, 0, 255]",0,5,-0.0258963,1,1,22,D,Overt,4,
"[0, 0, 255]",0,40,0.28670682,1,1,23,D,Overt,4,
"[0, 0, 255]",2,30,0.26552846,1,1,24,D,Overt,4,
"[0, 0, 255]",2,15,0.26271754,1,1,25,D,Overt,4,
"[0, 0, 255]",2,5,0.23956504,1,1,26,D,Overt,4,
"[0, 0, 255]",2,10,0.3762026,1,1,27,D,Overt,4,
"[0, 0, 255]",0,30,0.26869808,1,1,28,D,Overt,4,
"[0, 0, 255]",2,15,0.24906506,1,1,29,D,Overt,4,
"[0, 0, 255]",0,10,0.2546776,1,1,30,D,Overt,4,
"[0, 0, 255]",2,0,0.24885381,1,1,31,D,Overt,4,
"[0, 0, 255]",0,20,0.24617102,1,1,32,D,Overt,4,
"[0, 0, 255]",0,15,0.24349478,1,1,33,D,Overt,4,
"[0, 0, 255]",2,0,0.28597591,1,1,34,D,Overt,4,
"[0, 0, 255]",0,30,0.2324482,1,1,35,D,Overt,4,
"[0, 0, 255]",2,40,0.08469016,1,1,36,D,Overt,4,
"[0, 0, 255]",2,15,0.23606434,1,1,37,D,Overt,4,
"[0, 0, 255]",2,10,0.22687824,1,1,38,D,Overt,4,
"[0, 0, 255]",0,30,0.25044037,1,1,39,D,Overt,4,
"[0, 0, 255]",2,0,0.16430751,1,1,40,D,Overt,4,
"[0, 0, 255]",2,40,0.21303622,1,1,41,D,Overt,4,
"[0, 0, 255]",2,20,0.22134946,1,1,42,D,Overt,4,
"[0, 0, 255]",2,25,0.27701411,1,1,43,D,Overt,4,
"[0, 0, 255]",0,40,0.25371527,1,1,44,D,Overt,4,
"[0, 0, 255]",2,25,0.20727099,1,1,45,D,Overt,4,
"[0, 0, 255]",0,0,0.23350684,1,1,46,D,Overt,4,
"[0, 0, 255]",0,35,0.20585349,1,1,47,D,Overt,4,
"[0, 0, 255]",2,0,0.20991527,1,1,48,D,Overt,4,
"[0, 0, 255]",0,25,0.20328388,1,1,49,D,Overt,4,
"[0, 0, 255]",2,20,0.23922639,1,1,50,D,Overt,4,
"[0, 0, 255]",2,30,0.23895318,1,1,51,D,Overt,4,
"[0, 0, 255]",2,5,0.17686034,1,1,52,D,Overt,4,
"[0, 0, 255]",2,5,0.21519496,1,1,53,D,Overt,4,
"[0, 0, 255]",2,10,0.21452024,1,1,54,D,Overt,4,
"[0, 0, 255]",0,20,0.24059185,1,1,55,D,Overt,4,
"[0, 0, 255]",0,35,0.2669144,1,1,56,D,Overt,4,
"[0, 0, 255]",0,30,0.23895123,1,1,57,D,Overt,4,
"[0, 0, 255]",0,15,0.22705577,1,1,58,D,Overt,4,
"[0, 0, 255]",0,40,0.25522722,1,1,59,D,Overt,4,
"[0, 0, 255]",2,20,0.23605186,1,1,60,D,Overt,4,
"[0, 0, 255]",2,35,0.265468,1,1,61,D,Overt,4,
"[0, 0, 255]",2,10,0.21722284,1,1,62,D,Overt,4,
"[0, 0, 255]",0,10,0.26314419,1,1,63,D,Overt,4,
"[0, 0, 255]",0,5,0.22020443,1,1,64,D,Overt,4,
"[0, 0, 255]",0,25,0.24028839,1,1,65,D,Overt,4,
"[0, 0, 255]",2,25,0.21011294,1,1,66,D,Overt,4,
"[0, 0, 255]",2,15,0.25719519,1,1,67,D,Overt,4,
"[0, 0, 255]",0,15,0.19593117,1,1,68,D,Overt,4,
"[0, 0, 255]",0,10,0.21051133,1,1,69,D,Overt,4,
"[0, 0, 255]",0,20,0.23821506,1,1,70,D,Overt,4,
"[0, 0, 255]",0,0,0.23525065,1,1,71,D,Overt,4,
"[0, 0, 255]",0,0,0.24153434,1,1,72,D,Overt,4,
"[0, 0, 255]",2,10,0.21349414,1,1,1,D,overt,4,
"[0, 0, 255]",0,35,0.24264758,1,1,2,D,overt,4,
"[0, 0, 255]",2,35,0.198156,1,1,3,D,overt,4,
"[0, 0, 255]",0,25,0.18198908,1,1,4,D,overt,4,
"[0, 0, 255]",2,15,0.14739889,1,1,5,D,overt,4,
"[0, 0, 255]",2,15,0.14883507,1,1,6,D,overt,4,
"[0, 0, 255]",0,40,0.22724285,1,1,7,D,overt,4,
"[0, 0, 255]",2,5,0.21703194,1,1,8,D,overt,4,
"[0, 0, 255]",0,25,0.22651842,1,1,9,D,overt,4,
"[0, 0, 255]",2,30,0.20666329,1,1,10,D,overt,4,
"[0, 0, 255]",2,20,0.21410929,1,1,11,D,overt,4,
"[0, 0, 255]",2,5,0.20880361,1,1,12,D,overt,4,
"[0, 0, 255]",0,20,0.2559783,1,1,13,D,overt,4,
"[0, 0, 255]",0,10,0.18790697,1,1,14,D,overt,4,
"[0, 0, 255]",0,15,0.32779526,1,1,15,D,overt,4,
"[0, 0, 255]",0,15,0.26178025,1,1,16,D,overt,4,
"[0, 0, 255]",2,25,0.17786311,1,1,17,D,overt,4,
"[0, 0, 255]",2,25,0.22812213,1,1,18,D,overt,4,
"[0, 0, 255]",0,10,0.00699548,1,1,19,D,overt,4,
"[0, 0, 255]",0,40,0.30025386,1,1,20,D,overt,4,
"[0, 0, 255]",0,25,0.22394687,1,1,21,D,overt,4,
"[0, 0, 255]",0,30,0.20445218,1,1,22,D,overt,4,
"[0, 0, 255]",0,40,0.31182354,1,1,23,D,overt,4,
"[0, 0, 255]",2,10,0.16323675,1,1,24,D,overt,4,
"[0, 0, 255]",2,40,0.18823436,1,1,25,D,overt,4,
"[0, 0, 255]",2,30,0.11844699,1,1,26,D,overt,4,
"[0, 0, 255]",0,20,0.25144915,1,1,27,D,overt,4,
"[0, 0, 255]",2,5,0.3294903,1,1,28,D,overt,4,
"[0, 0, 255]",2,10,0.2024075,1,1,29,D,overt,4,
"[0, 0, 255]",0,0,0.13606158,1,1,30,D,overt,4,
"[0, 0, 255]",0,0,0.14476736,1,1,31,D,overt,4,
"[0, 0, 255]",0,5,0.17159946,1,1,32,D,overt,4,
"[0, 0, 255]",0,15,0.22975854,1,1,33,D,overt,4,
"[0, 0, 255]",2,10,0.23660114,1,1,34,D,overt,4,
"[0, 0, 255]",0,5,0.21464111,1,1,35,D,overt,4,
"[0, 0, 255]",0,15,0.07617027,1,1,36,D,overt,4,
"[0, 0, 255]",0,10,0.18185773,1,1,37,D,overt,4,
"[0, 0, 255]",2,40,0.21008751,1,1,38,D,overt,4,
"[0, 0, 255]",2,35,-0.1284623,1,1,39,D,overt,4,
"[0, 0, 255]",2,35,0.129167,1,1,40,D,overt,4,
"[0, 0, 255]",2,0,0.15635005,1,1,41,D,overt,4,
"[0, 0, 255]",0,20,0.23290493,1,1,42,D,overt,4,
"[0, 0, 255]",0,30,0.22253099,1,1,43,D,overt,4,
"[0, 0, 255]",0,35,0.18687125,1,1,44,D,overt,4,
"[0, 0, 255]",2,20,0.21090989,1,1,45,D,overt,4,
"[0, 0, 255]",0,35,0.19820471,1,1,46,D,overt,4,
"[0, 0, 255]",2,0,0.19006215,1,1,47,D,overt,4,
"[0, 0, 255]",2,40,0.20635341,1,1,48,D,overt,4,
"[0, 0, 255]",2,30,0.21410271,1,1,49,D,overt,4,
"[0, 0, 255]",2,15,0.13803658,1,1,50,D,overt,4,
"[0, 0, 255]",2,25,0.22831791,1,1,51,D,overt,4,
"[0, 0, 255]",2,15,0.19090296,1,1,52,D,overt,4,
"[0, 0, 255]",2,25,0.04164196,1,1,53,D,overt,4,
"[0, 0, 255]",2,20,0.19931399,1,1,54,D,overt,4,
"[0, 0, 255]",0,25,0.02408003,1,1,55,D,overt,4,
"[0, 0, 255]",0,20,0.24898804,1,1,56,D,overt,4,
"[0, 0, 255]",2,0,0.25338816,1,1,57,D,overt,4,
"[0, 0, 255]",0,30,0.2083423,1,1,58,D,overt,4,
"[0, 0, 255]",0,5,0.20514396,1,1,59,D,overt,4,
"[0, 0, 255]",2,40,0.19759964,1,1,60,D,overt,4,
"[0, 0, 255]",0,30,0.225169,1,1,61,D,overt,4,
"[0, 0, 255]",0,0,0.27463504,1,1,62,D,overt,4,
"[0, 0, 255]",2,20,0.18331643,1,1,63,D,overt,4,
"[0, 0, 255]",0,35,0.23201125,1,1,64,D,overt,4,
"[0, 0, 255]",0,0,0.22881533,1,1,65,D,overt,4,
"[0, 0, 255]",0,5,0.1602127,1,1,66,D,overt,4,
"[0, 0, 255]",0,40,0.0924778,1,1,67,D,overt,4,
"[0, 0, 255]",2,35,0.29764218,1,1,68,D,overt,4,
"[0, 0, 255]",2,0,-0.0817484,1,1,69,D,overt,4,
"[0, 0, 255]",0,10,0.25271192,1,1,70,D,overt,4,
"[0, 0, 255]",2,5,0.25557312,1,1,71,D,overt,4,
"[0, 0, 255]",2,30,0.16440805,1,1,72,D,overt,4,
"[0, 0, 255]",2,40,0.705094,1,1,1,E,Overt,4,
"[0, 0, 255]",0,10,0.3934844,1,1,2,E,Overt,4,
"[0, 0, 255]",2,0,0.4084556,1,1,3,E,Overt,4,
"[0, 0, 255]",0,25,0.446064,1,1,4,E,Overt,4,
"[0, 0, 255]",2,35,0.2882011,1,1,5,E,Overt,4,
"[0, 0, 255]",0,40,0.2391437,1,1,6,E,Overt,4,
"[0, 0, 255]",2,20,0.4545517,1,1,7,E,Overt,4,
"[0, 0, 255]",2,15,0.2991842,1,1,8,E,Overt,4,
"[0, 0, 255]",0,0,0.2099274,1,1,9,E,Overt,4,
"[0, 0, 255]",0,20,0.1653527,1,1,10,E,Overt,4,
"[0, 0, 255]",0,40,0.2251238,1,1,11,E,Overt,4,
"[0, 0, 255]",0,20,0.2363146,1,1,12,E,Overt,4,
"[0, 0, 255]",0,15,0.2562383,1,1,13,E,Overt,4,
"[0, 0, 255]",2,35,0.2282613,1,1,14,E,Overt,4,
"[0, 0, 255]",2,10,0.2333141,1,1,15,E,Overt,4,
"[0, 0, 255]",0,10,0.2334928,1,1,16,E,Overt,4,
"[0, 0, 255]",0,40,0.2313688,1,1,17,E,Overt,4,
"[0, 0, 255]",0,30,0.1953279,1,1,18,E,Overt,4,
"[0, 0, 255]",2,5,0.132206,1,1,19,E,Overt,4,
"[0, 0, 255]",2,10,0.2731008,1,1,20,E,Overt,4,
"[0, 0, 255]",2,15,0.2732948,1,1,21,E,Overt,4,
"[0, 0, 255]",0,25,0.2378062,1,1,22,E,Overt,4,
"[0, 0, 255]",0,35,0.2735103,1,1,23,E,Overt,4,
"[0, 0, 255]",2,15,0.2286522,1,1,24,E,Overt,4,
"[0, 0, 255]",0,35,0.2432855,1,1,25,E,Overt,4,
"[0, 0, 255]",0,30,0.2396756,1,1,26,E,Overt,4,
"[0, 0, 255]",2,0,0.2147954,1,1,27,E,Overt,4,
"[0, 0, 255]",2,5,0.2746868,1,1,28,E,Overt,4,
"[0, 0, 255]",2,5,0.3996403,1,1,29,E,Overt,4,
"[0, 0, 255]",2,15,0.2522843,1,1,30,E,Overt,4,
"[0, 0, 255]",0,20,0.2201064,1,1,31,E,Overt,4,
"[0, 0, 255]",0,30,0.2403782,1,1,32,E,Overt,4,
"[0, 0, 255]",0,15,0.4250099,1,1,33,E,Overt,4,
"[0, 0, 255]",2,20,0.3925326,1,1,34,E,Overt,4,
"[0, 0, 255]",2,0,0.2170299,1,1,35,E,Overt,4,
"[0, 0, 255]",2,30,0.1971188,1,1,36,E,Overt,4,
"[0, 0, 255]",2,5,0.2552459,1,1,37,E,Overt,4,
"[0, 0, 255]",0,15,0.2755759,1,1,38,E,Overt,4,
"[0, 0, 255]",0,5,0.2328553,1,1,39,E,Overt,4,
"[0, 0, 255]",0,30,0.2026205,1,1,40,E,Overt,4,
"[0, 0, 255]",2,40,0.2653027,1,1,41,E,Overt,4,
"[0, 0, 255]",2,20,0.1611431,1,1,42,E,Overt,4,
"[0, 0, 255]",2,40,0.266009,1,1,43,E,Overt,4,
"[0, 0, 255]",2,0,0.2492089,1,1,44,E,Overt,4,
"[0, 0, 255]",0,10,0.2105032,1,1,45,E,Overt,4,
"[0, 0, 255]",2,35,0.3033077,1,1,46,E,Overt,4,
"[0, 0, 255]",0,0,0.2380712,1,1,47,E,Overt,4,
"[0, 0, 255]",0,5,0.2607419,1,1,48,E,Overt,4,
"[0, 0, 255]",0,25,0.2857605,1,1,49,E,Overt,4,
"[0, 0, 255]",0,15,0.2436358,1,1,50,E,Overt,4,
"[0, 0, 255]",2,10,0.2012181,1,1,51,E,Overt,4,
"[0, 0, 255]",2,35,0.2470182,1,1,52,E,Overt,4,
"[0, 0, 255]",0,35,0.2446288,1,1,53,E,Overt,4,
"[0, 0, 255]",2,25,0.3161362,1,1,54,E,Overt,4,
"[0, 0, 255]",2,30,0.3088747,1,1,55,E,Overt,4,
"[0, 0, 255]",0,0,0.3844829,1,1,56,E,Overt,4,
"[0, 0, 255]",2,25,0.2837555,1,1,57,E,Overt,4,
"[0, 0, 255]",2,10,0.2150413,1,1,58,E,Overt,4,
"[0, 0, 255]",2,40,0.2701727,1,1,59,E,Overt,4,
"[0, 0, 255]",0,20,0.2489875,1,1,60,E,Overt,4,
"[0, 0, 255]",0,10,0.2967486,1,1,61,E,Overt,4,
"[0, 0, 255]",0,35,0.3800721,1,1,62,E,Overt,4,
"[0, 0, 255]",0,0,0.2843403,1,1,63,E,Overt,4,
"[0, 0, 255]",2,25,0.254793,1,1,64,E,Overt,4,
"[0, 0, 255]",2,30,0.2889078,1,1,65,E,Overt,4,
"[0, 0, 255]",0,25,0.297601,1,1,66,E,Overt,4,
"[0, 0, 255]",0,5,0.2394327,1,1,67,E,Overt,4,
"[0, 0, 255]",0,40,0.2744689,1,1,68,E,Overt,4,
"[0, 0, 255]",0,5,0.2823793,1,1,69,E,Overt,4,
"[0, 0, 255]",2,30,0.229461,1,1,70,E,Overt,4,
"[0, 0, 255]",2,25,0.3497847,1,1,71,E,Overt,4,
"[0, 0, 255]",2,20,0.2870361,1,1,72,E,Overt,4,
"[0, 0, 255]",2,20,0.4188265,1,1,1,E,Overt,4,
"[0, 0, 255]",0,10,0.3258966,1,1,2,E,Overt,4,
"[0, 0, 255]",2,30,0.274414,1,1,3,E,Overt,4,
"[0, 0, 255]",0,10,0.3200601,1,1,4,E,Overt,4,
"[0, 0, 255]",0,20,0.3325685,1,1,5,E,Overt,4,
"[0, 0, 255]",0,0,0.3387949,1,1,6,E,Overt,4,
"[0, 0, 255]",0,5,0.3009206,1,1,7,E,Overt,4,
"[0, 0, 255]",2,0,0.3043872,1,1,8,E,Overt,4,
"[0, 0, 255]",2,25,0.2611418,1,1,9,E,Overt,4,
"[0, 0, 255]",2,15,0.2775349,1,1,10,E,Overt,4,
"[0, 0, 255]",2,15,-0.0589713,1,1,11,E,Overt,4,
"[0, 0, 255]",0,15,0.2153396,1,1,12,E,Overt,4,
"[0, 0, 255]",0,10,0.1556643,1,1,13,E,Overt,4,
"[0, 0, 255]",0,30,-0.0536573,1,1,14,E,Overt,4,
"[0, 0, 255]",0,30,-0.0816928,1,1,15,E,Overt,4,
"[0, 0, 255]",2,20,-0.0638774,1,1,16,E,Overt,4,
"[0, 0, 255]",2,35,0.2610172,1,1,17,E,Overt,4,
"[0, 0, 255]",2,40,0.2935225,1,1,18,E,Overt,4,
"[0, 0, 255]",0,35,0.2531444,1,1,19,E,Overt,4,
"[0, 0, 255]",2,35,0.2479735,1,1,20,E,Overt,4,
"[0, 0, 255]",0,5,0.2187886,1,1,21,E,Overt,4,
"[0, 0, 255]",2,0,0.2218552,1,1,22,E,Overt,4,
"[0, 0, 255]",2,20,0.2635331,1,1,23,E,Overt,4,
"[0, 0, 255]",0,25,0.1098143,1,1,24,E,Overt,4,
"[0, 0, 255]",2,25,0.2244892,1,1,25,E,Overt,4,
"[0, 0, 255]",2,25,0.2836657,1,1,26,E,Overt,4,
"[0, 0, 255]",2,5,0.226525,1,1,27,E,Overt,4,
"[0, 0, 255]",0,15,0.0946286,1,1,28,E,Overt,4,
"[0, 0, 255]",0,15,0.2030133,1,1,29,E,Overt,4,
"[0, 0, 255]",0,15,0.4580571,1,1,30,E,Overt,4,
"[0, 0, 255]",0,25,0.2251348,1,1,31,E,Overt,4,
"[0, 0, 255]",0,40,0.239768,1,1,32,E,Overt,4,
"[0, 0, 255]",0,25,-0.0250202,1,1,33,E,Overt,4,
"[0, 0, 255]",2,40,0.2203983,1,1,34,E,Overt,4,
"[0, 0, 255]",2,25,0.2046559,1,1,35,E,Overt,4,
"[0, 0, 255]",2,0,0.2418137,1,1,36,E,Overt,4,
"[0, 0, 255]",2,20,0.4163073,1,1,37,E,Overt,4,
"[0, 0, 255]",0,10,0.3291671,1,1,38,E,Overt,4,
"[0, 0, 255]",2,40,0.1507671,1,1,39,E,Overt,4,
"[0, 0, 255]",0,35,0.1197673,1,1,40,E,Overt,4,
"[0, 0, 255]",0,40,0.2615368,1,1,41,E,Overt,4,
"[0, 0, 255]",2,15,0.2467118,1,1,42,E,Overt,4,
"[0, 0, 255]",0,40,0.1990762,1,1,43,E,Overt,4,
"[0, 0, 255]",2,5,0.1049133,1,1,44,E,Overt,4,
"[0, 0, 255]",2,35,0.2469004,1,1,45,E,Overt,4,
"[0, 0, 255]",2,15,0.2519193,1,1,46,E,Overt,4,
"[0, 0, 255]",2,5,0.3010475,1,1,47,E,Overt,4,
"[0, 0, 255]",2,30,0.2486946,1,1,48,E,Overt,4,
"[0, 0, 255]",0,0,0.2379989,1,1,49,E,Overt,4,
"[0, 0, 255]",2,10,0.246243,1,1,50,E,Overt,4,
"[0, 0, 255]",0,5,0.3279296,1,1,51,E,Overt,4,
"[0, 0, 255]",2,40,0.2593566,1,1,52,E,Overt,4,
"[0, 0, 255]",0,20,0.2414665,1,1,53,E,Overt,4,
"[0, 0, 255]",0,40,0.0697493,1,1,54,E,Overt,4,
"[0, 0, 255]",0,0,0.2382499,1,1,55,E,Overt,4,
"[0, 0, 255]",0,5,0.2283344,1,1,56,E,Overt,4,
"[0, 0, 255]",0,0,0.1978562,1,1,57,E,Overt,4,
"[0, 0, 255]",0,35,0.1449349,1,1,58,E,Overt,4,
"[0, 0, 255]",0,20,0.0943248,1,1,59,E,Overt,4,
"[0, 0, 255]",0,25,0.2087385,1,1,60,E,Overt,4,
"[0, 0, 255]",2,5,0.1788194,1,1,61,E,Overt,4,
"[0, 0, 255]",0,30,0.3843442,1,1,62,E,Overt,4,
"[0, 0, 255]",2,10,0.2027011,1,1,63,E,Overt,4,
"[0, 0, 255]",2,30,0.1059462,1,1,64,E,Overt,4,
"[0, 0, 255]",2,10,0.1630888,1,1,65,E,Overt,4,
"[0, 0, 255]",2,30,0.1944466,1,1,66,E,Overt,4,
"[0, 0, 255]",0,20,0.146287,1,1,67,E,Overt,4,
"[0, 0, 255]",2,0,0.2285434,1,1,68,E,Overt,4,
"[0, 0, 255]",0,35,0.144574,1,1,69,E,Overt,4,
"[0, 0, 255]",2,35,0.2419725,1,1,70,E,Overt,4,
"[0, 0, 255]",2,10,0.1879086,1,1,71,E,Overt,4,
"[0, 0, 255]",0,30,0.1368166,1,1,72,E,Overt,4,
"[0, 0, 255]",0,0,0.1992517,1,1,1,F,Overt,4,
"[0, 0, 255]",0,0,0.21171103,1,1,2,F,Overt,4,
"[0, 0, 255]",0,40,0.2062831,1,1,3,F,Overt,4,
"[0, 0, 255]",0,15,0.2093528,1,1,4,F,Overt,4,
"[0, 0, 255]",2,25,0.2166657,1,1,5,F,Overt,4,
"[0, 0, 255]",2,30,0.21331663,1,1,6,F,Overt,4,
"[0, 0, 255]",2,30,0.23041282,1,1,7,F,Overt,4,
"[0, 0, 255]",2,15,0.20973545,1,1,8,F,Overt,4,
"[0, 0, 255]",2,40,0.24991902,1,1,9,F,Overt,4,
"[0, 0, 255]",2,35,0.21452692,1,1,10,F,Overt,4,
"[0, 0, 255]",0,25,0.20421587,1,1,11,F,Overt,4,
"[0, 0, 255]",2,30,0.1756255,1,1,12,F,Overt,4,
"[0, 0, 255]",0,20,0.1979676,1,1,13,F,Overt,4,
"[0, 0, 255]",0,30,0.22946074,1,1,14,F,Overt,4,
"[0, 0, 255]",0,35,0.23855148,1,1,15,F,Overt,4,
"[0, 0, 255]",0,30,0.23994813,1,1,16,F,Overt,4,
"[0, 0, 255]",0,35,0.21238302,1,1,17,F,Overt,4,
"[0, 0, 255]",2,10,0.19220555,1,1,18,F,Overt,4,
"[0, 0, 255]",2,25,0.23016145,1,1,19,F,Overt,4,
"[0, 0, 255]",0,10,0.20492765,1,1,20,F,Overt,4,
"[0, 0, 255]",2,0,0.20742727,1,1,21,F,Overt,4,
"[0, 0, 255]",2,20,0.22220234,1,1,22,F,Overt,4,
"[0, 0, 255]",2,25,0.22572883,1,1,23,F,Overt,4,
"[0, 0, 255]",0,10,0.21737702,1,1,24,F,Overt,4,
"[0, 0, 255]",0,35,0.20781677,1,1,25,F,Overt,4,
"[0, 0, 255]",0,5,0.288202,1,1,26,F,Overt,4,
"[0, 0, 255]",2,40,0.21891015,1,1,27,F,Overt,4,
"[0, 0, 255]",2,20,0.25648141,1,1,28,F,Overt,4,
"[0, 0, 255]",0,35,0.25271831,1,1,29,F,Overt,4,
"[0, 0, 255]",2,0,0.18625536,1,1,30,F,Overt,4,
"[0, 0, 255]",2,15,0.22207449,1,1,31,F,Overt,4,
"[0, 0, 255]",0,30,0.20445617,1,1,32,F,Overt,4,
"[0, 0, 255]",0,20,0.2263434,1,1,33,F,Overt,4,
"[0, 0, 255]",0,25,0.19191492,1,1,34,F,Overt,4,
"[0, 0, 255]",0,30,0.23439181,1,1,35,F,Overt,4,
"[0, 0, 255]",2,15,0.24519221,1,1,36,F,Overt,4,
"[0, 0, 255]",2,40,0.23345693,1,1,37,F,Overt,4,
"[0, 0, 255]",0,20,0.2358108,1,1,38,F,Overt,4,
"[0, 0, 255]",2,0,0.18641409,1,1,39,F,Overt,4,
"[0, 0, 255]",0,10,0.21822702,1,1,40,F,Overt,4,
"[0, 0, 255]",0,0,0.21341786,1,1,41,F,Overt,4,
"[0, 0, 255]",2,10,0.19028298,1,1,42,F,Overt,4,
"[0, 0, 255]",0,0,0.19859269,1,1,43,F,Overt,4,
"[0, 0, 255]",2,40,0.18413331,1,1,44,F,Overt,4,
"[0, 0, 255]",2,10,0.22803369,1,1,45,F,Overt,4,
"[0, 0, 255]",0,25,0.23558859,1,1,46,F,Overt,4,
"[0, 0, 255]",2,35,0.23688067,1,1,47,F,Overt,4,
"[0, 0, 255]",0,15,0.18660946,1,1,48,F,Overt,4,
"[0, 0, 255]",0,15,0.22381007,1,1,49,F,Overt,4,
"[0, 0, 255]",2,5,0.26367736,1,1,50,F,Overt,4,
"[0, 0, 255]",0,20,0.38821159,1,1,51,F,Overt,4,
"[0, 0, 255]",2,35,0.22207808,1,1,52,F,Overt,4,
"[0, 0, 255]",0,10,0.22394917,1,1,53,F,Overt,4,
"[0, 0, 255]",0,40,0.18176252,1,1,54,F,Overt,4,
"[0, 0, 255]",2,20,0.19021545,1,1,55,F,Overt,4,
"[0, 0, 255]",2,35,0.23148732,1,1,56,F,Overt,4,
"[0, 0, 255]",2,25,0.21158145,1,1,57,F,Overt,4,
"[0, 0, 255]",0,40,0.25105962,1,1,58,F,Overt,4,
"[0, 0, 255]",2,5,0.20797683,1,1,59,F,Overt,4,
"[0, 0, 255]",0,5,0.20760911,1,1,60,F,Overt,4,
"[0, 0, 255]",2,5,0.38924271,1,1,61,F,Overt,4,
"[0, 0, 255]",2,0,0.24237305,1,1,62,F,Overt,4,
"[0, 0, 255]",2,15,0.35452832,1,1,63,F,Overt,4,
"[0, 0, 255]",0,5,0.19223178,1,1,64,F,Overt,4,
"[0, 0, 255]",2,5,0.19008281,1,1,65,F,Overt,4,
"[0, 0, 255]",0,25,0.2082097,1,1,66,F,Overt,4,
"[0, 0, 255]",2,30,0.19065953,1,1,67,F,Overt,4,
"[0, 0, 255]",0,15,0.18465055,1,1,68,F,Overt,4,
"[0, 0, 255]",2,10,0.24883602,1,1,69,F,Overt,4,
"[0, 0, 255]",2,20,0.25679101,1,1,70,F,Overt,4,
"[0, 0, 255]",0,40,0.29187877,1,1,71,F,Overt,4,
"[0, 0, 255]",0,5,0.22760816,1,1,72,F,Overt,4,
"[0, 0, 255]",2,15,0.25084274,1,1,1,F,Overt,4,
"[0, 0, 255]",0,25,0.2326351,1,1,2,F,Overt,4,
"[0, 0, 255]",2,35,0.2248278,1,1,3,F,Overt,4,
"[0, 0, 255]",0,10,0.24605503,1,1,4,F,Overt,4,
"[0, 0, 255]",0,40,0.24468338,1,1,5,F,Overt,4,
"[0, 0, 255]",2,10,0.24311001,1,1,6,F,Overt,4,
"[0, 0, 255]",0,20,0.28816518,1,1,7,F,Overt,4,
"[0, 0, 255]",2,5,0.21221983,1,1,8,F,Overt,4,
"[0, 0, 255]",0,10,0.22240415,1,1,9,F,Overt,4,
"[0, 0, 255]",2,0,0.2219879,1,1,10,F,Overt,4,
"[0, 0, 255]",0,25,0.21358519,1,1,11,F,Overt,4,
"[0, 0, 255]",2,40,0.20865629,1,1,12,F,Overt,4,
"[0, 0, 255]",0,30,0.27130127,1,1,13,F,Overt,4,
"[0, 0, 255]",0,20,0.23439723,1,1,14,F,Overt,4,
"[0, 0, 255]",2,15,0.3026995,1,1,15,F,Overt,4,
"[0, 0, 255]",2,5,0.23218594,1,1,16,F,Overt,4,
"[0, 0, 255]",0,0,0.21222307,1,1,17,F,Overt,4,
"[0, 0, 255]",0,40,0.25768207,1,1,18,F,Overt,4,
"[0, 0, 255]",2,40,0.22984566,1,1,19,F,Overt,4,
"[0, 0, 255]",0,0,0.28404244,1,1,20,F,Overt,4,
"[0, 0, 255]",2,0,0.28220062,1,1,21,F,Overt,4,
"[0, 0, 255]",0,5,0.25222546,1,1,22,F,Overt,4,
"[0, 0, 255]",2,20,0.24241835,1,1,23,F,Overt,4,
"[0, 0, 255]",2,25,0.33614446,1,1,24,F,Overt,4,
"[0, 0, 255]",0,40,0.24240028,1,1,25,F,Overt,4,
"[0, 0, 255]",2,20,0.20433876,1,1,26,F,Overt,4,
"[0, 0, 255]",0,35,0.26680876,1,1,27,F,Overt,4,
"[0, 0, 255]",2,15,0.2374184,1,1,28,F,Overt,4,
"[0, 0, 255]",0,15,0.24855498,1,1,29,F,Overt,4,
"[0, 0, 255]",2,0,0.23263098,1,1,30,F,Overt,4,
"[0, 0, 255]",2,30,0.22254765,1,1,31,F,Overt,4,
"[0, 0, 255]",0,20,0.23290794,1,1,32,F,Overt,4,
"[0, 0, 255]",0,35,0.2678529,1,1,33,F,Overt,4,
"[0, 0, 255]",2,20,0.27764451,1,1,34,F,Overt,4,
"[0, 0, 255]",2,5,0.21801413,1,1,35,F,Overt,4,
"[0, 0, 255]",2,35,0.18649922,1,1,36,F,Overt,4,
"[0, 0, 255]",2,40,0.28352692,1,1,37,F,Overt,4,
"[0, 0, 255]",0,35,0.26009228,1,1,38,F,Overt,4,
"[0, 0, 255]",0,10,0.22556104,1,1,39,F,Overt,4,
"[0, 0, 255]",2,35,0.2416034,1,1,40,F,Overt,4,
"[0, 0, 255]",0,15,0.20694591,1,1,41,F,Overt,4,
"[0, 0, 255]",2,20,0.29011837,1,1,42,F,Overt,4,
"[0, 0, 255]",0,0,0.21338631,1,1,43,F,Overt,4,
"[0, 0, 255]",0,5,0.33247505,1,1,44,F,Overt,4,
"[0, 0, 255]",0,30,0.24389297,1,1,45,F,Overt,4,
"[0, 0, 255]",0,25,0.28565089,1,1,46,F,Overt,4,
"[0, 0, 255]",0,25,0.25433055,1,1,47,F,Overt,4,
"[0, 0, 255]",2,5,0.22236884,1,1,48,F,Overt,4,
"[0, 0, 255]",0,40,0.26690163,1,1,49,F,Overt,4,
"[0, 0, 255]",2,0,0.26196975,1,1,50,F,Overt,4,
"[0, 0, 255]",0,35,0.2472685,1,1,51,F,Overt,4,
"[0, 0, 255]",0,30,0.3478538,1,1,52,F,Overt,4,
"[0, 0, 255]",2,30,0.19296797,1,1,53,F,Overt,4,
"[0, 0, 255]",2,25,0.21094516,1,1,54,F,Overt,4,
"[0, 0, 255]",2,35,0.26003755,1,1,55,F,Overt,4,
"[0, 0, 255]",0,0,0.52361616,1,1,56,F,Overt,4,
"[0, 0, 255]",0,20,0.22585632,1,1,57,F,Overt,4,
"[0, 0, 255]",2,10,0.20454879,1,1,58,F,Overt,4,
"[0, 0, 255]",2,40,0.24427817,1,1,59,F,Overt,4,
"[0, 0, 255]",2,30,0.22200402,1,1,60,F,Overt,4,
"[0, 0, 255]",2,25,0.2096235,1,1,61,F,Overt,4,
"[0, 0, 255]",2,10,0.21730522,1,1,62,F,Overt,4,
"[0, 0, 255]",0,15,0.25634434,1,1,63,F,Overt,4,
"[0, 0, 255]",2,15,0.23295523,1,1,64,F,Overt,4,
"[0, 0, 255]",0,5,0.22410794,1,1,65,F,Overt,4,
"[0, 0, 255]",2,25,0.2051302,1,1,66,F,Overt,4,
"[0, 0, 255]",2,10,0.21666499,1,1,67,F,Overt,4,
"[0, 0, 255]",0,15,0.20749405,1,1,68,F,Overt,4,
"[0, 0, 255]",0,30,0.23317798,1,1,69,F,Overt,4,
"[0, 0, 255]",0,10,0.21160453,1,1,70,F,Overt,4,
"[0, 0, 255]",0,5,0.20495263,1,1,71,F,Overt,4,
"[0, 0, 255]",2,30,0.19307127,1,1,72,F,Overt,4,
"[0, 0, 255]",0,25,0.2565131,1,1,1,G,Overt,4,
"[0, 0, 255]",0,10,0.2586744,1,1,2,G,Overt,4,
"[0, 0, 255]",0,20,0.2450068,1,1,3,G,Overt,4,
"[0, 0, 255]",0,0,0.2398632,1,1,4,G,Overt,4,
"[0, 0, 255]",0,30,0.2390397,1,1,5,G,Overt,4,
"[0, 0, 255]",0,20,0.2480874,1,1,6,G,Overt,4,
"[0, 0, 255]",0,5,0.3327986,1,1,7,G,Overt,4,
"[0, 0, 255]",0,35,0.2509498,1,1,8,G,Overt,4,
"[0, 0, 255]",0,40,0.2200852,1,1,9,G,Overt,4,
"[0, 0, 255]",0,30,0.268032,1,1,10,G,Overt,4,
"[0, 0, 255]",0,0,0.223627,1,1,11,G,Overt,4,
"[0, 0, 255]",0,30,0.2087217,1,1,12,G,Overt,4,
"[0, 0, 255]",0,40,0.3269959,1,1,13,G,Overt,4,
"[0, 0, 255]",0,35,0.2861378,1,1,14,G,Overt,4,
"[0, 0, 255]",0,10,0.2909037,1,1,15,G,Overt,4,
"[0, 0, 255]",0,40,0.2720003,1,1,16,G,Overt,4,
"[0, 0, 255]",0,25,0.2823705,1,1,17,G,Overt,4,
"[0, 0, 255]",0,40,0.3153235,1,1,18,G,Overt,4,
"[0, 0, 255]",0,0,0.265112,1,1,19,G,Overt,4,
"[0, 0, 255]",0,15,0.2090368,1,1,20,G,Overt,4,
"[0, 0, 255]",0,35,0.3021077,1,1,21,G,Overt,4,
"[0, 0, 255]",0,30,0.2682282,1,1,22,G,Overt,4,
"[0, 0, 255]",0,35,0.311266,1,1,23,G,Overt,4,
"[0, 0, 255]",0,20,0.2839901,1,1,24,G,Overt,4,
"[0, 0, 255]",0,10,0.214404,1,1,25,G,Overt,4,
"[0, 0, 255]",0,20,0.2978431,1,1,26,G,Overt,4,
"[0, 0, 255]",0,25,0.262609,1,1,27,G,Overt,4,
"[0, 0, 255]",0,5,0.2398901,1,1,28,G,Overt,4,
"[0, 0, 255]",0,25,0.2508086,1,1,29,G,Overt,4,
"[0, 0, 255]",0,5,0.247622,1,1,30,G,Overt,4,
"[0, 0, 255]",0,10,0.2385708,1,1,31,G,Overt,4,
"[0, 0, 255]",0,0,0.2278103,1,1,32,G,Overt,4,
"[0, 0, 255]",0,5,0.2132244,1,1,33,G,Overt,4,
"[0, 0, 255]",0,15,0.293794,1,1,34,G,Overt,4,
"[0, 0, 255]",0,15,0.243781,1,1,35,G,Overt,4,
"[0, 0, 255]",0,15,0.2320296,1,1,36,G,Overt,4,
"[0, 0, 255]",2,10,0.3074409,1,1,280,G,Overt,4,
"[0, 0, 255]",2,15,0.2711747,1,1,281,G,Overt,4,
"[0, 0, 255]",2,10,0.2335919,1,1,282,G,Overt,4,
"[0, 0, 255]",2,15,0.2435764,1,1,283,G,Overt,4,
"[0, 0, 255]",2,10,0.2971306,1,1,284,G,Overt,4,
"[0, 0, 255]",2,40,0.3833395,1,1,285,G,Overt,4,
"[0, 0, 255]",2,30,0.3537484,1,1,286,G,Overt,4,
"[0, 0, 255]",2,30,0.2727816,1,1,287,G,Overt,4,
"[0, 0, 255]",2,35,0.5075749,1,1,288,G,Overt,4,
"[0, 0, 255]",2,20,0.3485608,1,1,289,G,Overt,4,
"[0, 0, 255]",2,20,0.3168052,1,1,290,G,Overt,4,
"[0, 0, 255]",2,20,0.265862,1,1,291,G,Overt,4,
"[0, 0, 255]",2,5,0.2553645,1,1,292,G,Overt,4,
"[0, 0, 255]",2,5,0.2223937,1,1,293,G,Overt,4,
"[0, 0, 255]",2,5,0.2758853,1,1,294,G,Overt,4,
"[0, 0, 255]",2,40,0.4508556,1,1,295,G,Overt,4,
"[0, 0, 255]",2,40,0.3125645,1,1,296,G,Overt,4,
"[0, 0, 255]",2,35,0.3495427,1,1,297,G,Overt,4,
"[0, 0, 255]",2,25,0.2543814,1,1,298,G,Overt,4,
"[0, 0, 255]",2,35,0.3194549,1,1,299,G,Overt,4,
"[0, 0, 255]",2,35,0.3016366,1,1,300,G,Overt,4,
"[0, 0, 255]",2,25,0.4427496,1,1,301,G,Overt,4,
"[0, 0, 255]",2,0,0.3475093,1,1,302,G,Overt,4,
"[0, 0, 255]",2,5,0.365809,1,1,303,G,Overt,4,
"[0, 0, 255]",2,0,0.3629851,1,1,304,G,Overt,4,
"[0, 0, 255]",2,0,0.3293484,1,1,305,G,Overt,4,
"[0, 0, 255]",2,25,0.2758527,1,1,306,G,Overt,4,
"[0, 0, 255]",2,25,0.2756196,1,1,307,G,Overt,4,
"[0, 0, 255]",2,15,0.2572207,1,1,308,G,Overt,4,
"[0, 0, 255]",2,30,0.2629207,1,1,309,G,Overt,4,
"[0, 0, 255]",2,40,0.2828395,1,1,310,G,Overt,4,
"[0, 0, 255]",2,20,0.2653607,1,1,311,G,Overt,4,
"[0, 0, 255]",2,15,0.2719824,1,1,312,G,Overt,4,
"[0, 0, 255]",2,0,0.3620088,1,1,313,G,Overt,4,
"[0, 0, 255]",2,10,0.2774631,1,1,314,G,Overt,4,
"[0, 0, 255]",2,30,0.5415341,1,1,315,G,Overt,4,
"[0, 0, 255]",0,20,0.3173229,1,1,1,G,Overt,4,
"[0, 0, 255]",0,40,0.3380937,1,1,2,G,Overt,4,
"[0, 0, 255]",0,5,0.3149866,1,1,3,G,Overt,4,
"[0, 0, 255]",0,35,0.2274668,1,1,4,G,Overt,4,
"[0, 0, 255]",0,25,0.2680094,1,1,5,G,Overt,4,
"[0, 0, 255]",0,25,0.3257151,1,1,6,G,Overt,4,
"[0, 0, 255]",0,30,0.3137498,1,1,7,G,Overt,4,
"[0, 0, 255]",0,5,0.3273258,1,1,8,G,Overt,4,
"[0, 0, 255]",0,10,0.3152541,1,1,9,G,Overt,4,
"[0, 0, 255]",0,40,0.3237943,1,1,10,G,Overt,4,
"[0, 0, 255]",0,30,0.312968,1,1,11,G,Overt,4,
"[0, 0, 255]",0,10,0.3321189,1,1,12,G,Overt,4,
"[0, 0, 255]",0,15,0.3043879,1,1,13,G,Overt,4,
"[0, 0, 255]",0,10,0.3134916,1,1,14,G,Overt,4,
"[0, 0, 255]",0,25,0.3408812,1,1,15,G,Overt,4,
"[0, 0, 255]",0,40,0.2856814,1,1,16,G,Overt,4,
"[0, 0, 255]",0,15,0.3515776,1,1,17,G,Overt,4,
"[0, 0, 255]",0,0,0.3146021,1,1,18,G,Overt,4,
"[0, 0, 255]",0,0,0.2964309,1,1,19,G,Overt,4,
"[0, 0, 255]",0,35,0.4281191,1,1,20,G,Overt,4,
"[0, 0, 255]",0,20,0.3456828,1,1,21,G,Overt,4,
"[0, 0, 255]",0,0,0.2042129,1,1,22,G,Overt,4,
"[0, 0, 255]",0,0,0.3656538,1,1,23,G,Overt,4,
"[0, 0, 255]",0,10,0.3551127,1,1,24,G,Overt,4,
"[0, 0, 255]",0,5,0.254983,1,1,25,G,Overt,4,
"[0, 0, 255]",0,35,0.402491,1,1,26,G,Overt,4,
"[0, 0, 255]",0,20,0.250679,1,1,27,G,Overt,4,
"[0, 0, 255]",0,35,0.3864957,1,1,28,G,Overt,4,
"[0, 0, 255]",0,30,0.3194314,1,1,29,G,Overt,4,
"[0, 0, 255]",0,40,0.3377391,1,1,30,G,Overt,4,
"[0, 0, 255]",0,20,0.3261791,1,1,31,G,Overt,4,
"[0, 0, 255]",0,5,0.1418531,1,1,32,G,Overt,4,
"[0, 0, 255]",0,25,0.3438542,1,1,33,G,Overt,4,
"[0, 0, 255]",0,30,0.3594495,1,1,34,G,Overt,4,
"[0, 0, 255]",0,15,0.3356156,1,1,35,G,Overt,4,
"[0, 0, 255]",0,15,0.2623544,1,1,36,G,Overt,4,
"[0, 0, 255]",2,10,0.2612138,1,1,280,G,Overt,4,
"[0, 0, 255]",2,5,0.3008578,1,1,281,G,Overt,4,
"[0, 0, 255]",2,5,0.2727094,1,1,282,G,Overt,4,
"[0, 0, 255]",2,30,0.288228,1,1,283,G,Overt,4,
"[0, 0, 255]",2,5,0.302665,1,1,284,G,Overt,4,
"[0, 0, 255]",2,35,0.0973247,1,1,285,G,Overt,4,
"[0, 0, 255]",2,0,0.3485735,1,1,286,G,Overt,4,
"[0, 0, 255]",2,0,0.3927163,1,1,287,G,Overt,4,
"[0, 0, 255]",2,10,0.3034313,1,1,288,G,Overt,4,
"[0, 0, 255]",2,0,0.2787371,1,1,289,G,Overt,4,
"[0, 0, 255]",2,15,0.2340275,1,1,290,G,Overt,4,
"[0, 0, 255]",2,15,0.220686,1,1,291,G,Overt,4,
"[0, 0, 255]",2,10,0.2326208,1,1,292,G,Overt,4,
"[0, 0, 255]",2,10,0.2797491,1,1,293,G,Overt,4,
"[0, 0, 255]",2,40,0.2309976,1,1,294,G,Overt,4,
"[0, 0, 255]",2,40,0.2970077,1,1,295,G,Overt,4,
"[0, 0, 255]",2,5,0.2770854,1,1,296,G,Overt,4,
"[0, 0, 255]",2,25,0.2504712,1,1,297,G,Overt,4,
"[0, 0, 255]",2,30,0.2642308,1,1,298,G,Overt,4,
"[0, 0, 255]",2,20,0.2698689,1,1,299,G,Overt,4,
"[0, 0, 255]",2,20,0.2202503,1,1,300,G,Overt,4,
"[0, 0, 255]",2,40,0.2822554,1,1,301,G,Overt,4,
"[0, 0, 255]",2,25,0.2343671,1,1,302,G,Overt,4,
"[0, 0, 255]",2,15,0.2492059,1,1,303,G,Overt,4,
"[0, 0, 255]",2,25,0.2489243,1,1,304,G,Overt,4,
"[0, 0, 255]",2,30,0.2370231,1,1,305,G,Overt,4,
"[0, 0, 255]",2,15,0.2615116,1,1,306,G,Overt,4,
"[0, 0, 255]",2,35,0.2854161,1,1,307,G,Overt,4,
"[0, 0, 255]",2,20,0.4164389,1,1,308,G,Overt,4,
"[0, 0, 255]",2,35,0.3499249,1,1,309,G,Overt,4,
"[0, 0, 255]",2,35,0.3683723,1,1,310,G,Overt,4,
"[0, 0, 255]",2,30,0.3544569,1,1,311,G,Overt,4,
"[0, 0, 255]",2,0,0.3550329,1,1,312,G,Overt,4,
"[0, 0, 255]",2,40,0.2998665,1,1,313,G,Overt,4,
"[0, 0, 255]",2,25,0.3565868,1,1,314,G,Overt,4,
"[0, 0, 255]",2,20,0.3053494,1,1,315,G,Overt,4,
"[0, 0, 255]",0,5,0.5974324,1,1,1,H,Overt,4,
"[0, 0, 255]",2,25,0.49623053,1,1,2,H,Overt,4,
"[0, 0, 255]",2,30,0.53707537,1,1,3,H,Overt,4,
"[0, 0, 255]",0,0,0.37811163,1,1,4,H,Overt,4,
"[0, 0, 255]",0,20,0.37888794,1,1,5,H,Overt,4,
"[0, 0, 255]",2,15,0.3146674,1,1,6,H,Overt,4,
"[0, 0, 255]",0,40,0.3711444,1,1,7,H,Overt,4,
"[0, 0, 255]",2,30,0.41050144,1,1,8,H,Overt,4,
"[0, 0, 255]",0,30,0.49937516,1,1,9,H,Overt,4,
"[0, 0, 255]",2,5,0.32984319,1,1,10,H,Overt,4,
"[0, 0, 255]",2,20,0.39658476,1,1,11,H,Overt,4,
"[0, 0, 255]",0,10,0.42277262,1,1,12,H,Overt,4,
"[0, 0, 255]",2,10,0.47673414,1,1,13,H,Overt,4,
"[0, 0, 255]",0,35,0.47460009,1,1,14,H,Overt,4,
"[0, 0, 255]",2,35,0.30457501,1,1,15,H,Overt,4,
"[0, 0, 255]",0,25,0.48840658,1,1,16,H,Overt,4,
"[0, 0, 255]",2,5,0.38475499,1,1,17,H,Overt,4,
"[0, 0, 255]",2,10,0.45397286,1,1,18,H,Overt,4,
"[0, 0, 255]",0,40,0.45416924,1,1,19,H,Overt,4,
"[0, 0, 255]",2,0,0.58595368,1,1,20,H,Overt,4,
"[0, 0, 255]",2,15,0.23264645,1,1,21,H,Overt,4,
"[0, 0, 255]",2,20,0.2510153,1,1,22,H,Overt,4,
"[0, 0, 255]",0,30,0.38456081,1,1,23,H,Overt,4,
"[0, 0, 255]",0,10,0.39041948,1,1,24,H,Overt,4,
"[0, 0, 255]",2,25,0.41589612,1,1,25,H,Overt,4,
"[0, 0, 255]",2,35,0.32231997,1,1,26,H,Overt,4,
"[0, 0, 255]",2,40,0.26146962,1,1,27,H,Overt,4,
"[0, 0, 255]",0,5,0.33138407,1,1,28,H,Overt,4,
"[0, 0, 255]",0,25,0.40385928,1,1,29,H,Overt,4,
"[0, 0, 255]",2,0,0.3867088,1,1,30,H,Overt,4,
"[0, 0, 255]",2,20,0.38357734,1,1,31,H,Overt,4,
"[0, 0, 255]",0,0,0.28986863,1,1,32,H,Overt,4,
"[0, 0, 255]",0,5,0.30407647,1,1,33,H,Overt,4,
"[0, 0, 255]",0,0,0.38869781,1,1,34,H,Overt,4,
"[0, 0, 255]",0,0,0.30378765,1,1,35,H,Overt,4,
"[0, 0, 255]",0,35,0.54848453,1,1,36,H,Overt,4,
"[0, 0, 255]",0,40,0.39362321,1,1,37,H,Overt,4,
"[0, 0, 255]",0,15,0.41821463,1,1,38,H,Overt,4,
"[0, 0, 255]",2,10,0.26322211,1,1,39,H,Overt,4,
"[0, 0, 255]",2,40,0.48466668,1,1,40,H,Overt,4,
"[0, 0, 255]",2,40,0.42062048,1,1,41,H,Overt,4,
"[0, 0, 255]",2,30,0.46015035,1,1,42,H,Overt,4,
"[0, 0, 255]",0,15,0.55311748,1,1,43,H,Overt,4,
"[0, 0, 255]",0,15,0.48488377,1,1,44,H,Overt,4,
"[0, 0, 255]",2,25,0.54655821,1,1,45,H,Overt,4,
"[0, 0, 255]",0,30,0.46901106,1,1,46,H,Overt,4,
"[0, 0, 255]",2,5,0.45127096,1,1,47,H,Overt,4,
"[0, 0, 255]",0,25,0.4980468,1,1,48,H,Overt,4,
"[0, 0, 255]",2,25,0.4244264,1,1,49,H,Overt,4,
"[0, 0, 255]",2,20,0.24066161,1,1,50,H,Overt,4,
"[0, 0, 255]",0,20,0.40732183,1,1,51,H,Overt,4,
"[0, 0, 255]",0,30,0.40212516,1,1,52,H,Overt,4,
"[0, 0, 255]",2,10,0.70654962,1,1,53,H,Overt,4,
"[0, 0, 255]",2,35,0.2944005,1,1,54,H,Overt,4,
"[0, 0, 255]",0,35,0.24032808,1,1,55,H,Overt,4,
"[0, 0, 255]",0,20,0.32461294,1,1,56,H,Overt,4,
"[0, 0, 255]",0,5,0.37566292,1,1,57,H,Overt,4,
"[0, 0, 255]",0,35,0.4368717,1,1,58,H,Overt,4,
"[0, 0, 255]",2,15,0.45701316,1,1,59,H,Overt,4,
"[0, 0, 255]",0,20,0.42085024,1,1,60,H,Overt,4,
"[0, 0, 255]",2,5,0.3498271,1,1,61,H,Overt,4,
"[0, 0, 255]",2,30,0.36346285,1,1,62,H,Overt,4,
"[0, 0, 255]",2,35,0.28442724,1,1,63,H,Overt,4,
"[0, 0, 255]",0,10,0.27860855,1,1,64,H,Overt,4,
"[0, 0, 255]",2,0,0.3771342,1,1,65,H,Overt,4,
"[0, 0, 255]",0,10,0.40985349,1,1,66,H,Overt,4,
"[0, 0, 255]",2,40,0.31758989,1,1,67,H,Overt,4,
"[0, 0, 255]",2,15,0.42835198,1,1,68,H,Overt,4,
"[0, 0, 255]",0,40,0.3833736,1,1,69,H,Overt,4,
"[0, 0, 255]",2,0,0.22971222,1,1,70,H,Overt,4,
"[0, 0, 255]",0,15,0.39935417,1,1,71,H,Overt,4,
"[0, 0, 255]",0,25,0.37192395,1,1,72,H,Overt,4,
"[0, 0, 255]",2,15,0.91753063,1,1,1,H,overt,4,
"[0, 0, 255]",0,10,0.27897073,1,1,2,H,overt,4,
"[0, 0, 255]",2,5,0.32630788,1,1,3,H,overt,4,
"[0, 0, 255]",2,35,0.33162177,1,1,4,H,overt,4,
"[0, 0, 255]",2,5,0.38015875,1,1,5,H,overt,4,
"[0, 0, 255]",0,40,0.42282674,1,1,6,H,overt,4,
"[0, 0, 255]",0,25,0.37804349,1,1,7,H,overt,4,
"[0, 0, 255]",0,30,0.36112185,1,1,8,H,overt,4,
"[0, 0, 255]",2,15,0.32414246,1,1,9,H,overt,4,
"[0, 0, 255]",2,30,0.38323531,1,1,10,H,overt,4,
"[0, 0, 255]",0,35,0.44186882,1,1,11,H,overt,4,
"[0, 0, 255]",0,0,0.27470805,1,1,12,H,overt,4,
"[0, 0, 255]",0,0,0.32318623,1,1,13,H,overt,4,
"[0, 0, 255]",0,20,0.28096699,1,1,14,H,overt,4,
"[0, 0, 255]",0,25,0.3487889,1,1,15,H,overt,4,
"[0, 0, 255]",0,0,0.32478436,1,1,16,H,overt,4,
"[0, 0, 255]",2,25,0.37373251,1,1,17,H,overt,4,
"[0, 0, 255]",0,35,0.42221547,1,1,18,H,overt,4,
"[0, 0, 255]",2,10,0.40807479,1,1,19,H,overt,4,
"[0, 0, 255]",0,10,0.40351512,1,1,20,H,overt,4,
"[0, 0, 255]",0,15,0.30185263,1,1,21,H,overt,4,
"[0, 0, 255]",0,15,0.4002879,1,1,22,H,overt,4,
"[0, 0, 255]",0,10,0.3568306,1,1,23,H,overt,4,
"[0, 0, 255]",0,5,0.37825401,1,1,24,H,overt,4,
"[0, 0, 255]",0,35,0.45699901,1,1,25,H,overt,4,
"[0, 0, 255]",2,35,0.33184977,1,1,26,H,overt,4,
"[0, 0, 255]",2,10,0.27361299,1,1,27,H,overt,4,
"[0, 0, 255]",2,40,0.28584296,1,1,28,H,overt,4,
"[0, 0, 255]",2,10,0.37392584,1,1,29,H,overt,4,
"[0, 0, 255]",0,40,0.38187159,1,1,30,H,overt,4,
"[0, 0, 255]",2,15,0.26006559,1,1,31,H,overt,4,
"[0, 0, 255]",2,30,0.26177409,1,1,32,H,overt,4,
"[0, 0, 255]",0,35,0.37636015,1,1,33,H,overt,4,
"[0, 0, 255]",2,20,0.30588048,1,1,34,H,overt,4,
"[0, 0, 255]",2,30,0.28307883,1,1,35,H,overt,4,
"[0, 0, 255]",2,30,0.32497533,1,1,36,H,overt,4,
"[0, 0, 255]",2,0,0.24394828,1,1,37,H,overt,4,
"[0, 0, 255]",2,35,0.3119262,1,1,38,H,overt,4,
"[0, 0, 255]",2,40,0.43927617,1,1,39,H,overt,4,
"[0, 0, 255]",0,15,0.35146987,1,1,40,H,overt,4,
"[0, 0, 255]",0,40,0.43842567,1,1,41,H,overt,4,
"[0, 0, 255]",0,20,0.35759682,1,1,42,H,overt,4,
"[0, 0, 255]",0,5,0.32687443,1,1,43,H,overt,4,
"[0, 0, 255]",2,20,0.30978202,1,1,44,H,overt,4,
"[0, 0, 255]",2,25,0.45078367,1,1,45,H,overt,4,
"[0, 0, 255]",2,40,0.41461327,1,1,46,H,overt,4,
"[0, 0, 255]",0,40,0.73641185,1,1,47,H,overt,4,
"[0, 0, 255]",0,5,0.36653749,1,1,48,H,overt,4,
"[0, 0, 255]",0,25,0.41120245,1,1,49,H,overt,4,
"[0, 0, 255]",0,30,0.38663632,1,1,50,H,overt,4,
"[0, 0, 255]",2,35,0.49857708,1,1,51,H,overt,4,
"[0, 0, 255]",0,15,0.41353743,1,1,52,H,overt,4,
"[0, 0, 255]",0,0,0.32900792,1,1,53,H,overt,4,
"[0, 0, 255]",2,25,0.47431099,1,1,54,H,overt,4,
"[0, 0, 255]",0,20,0.38730745,1,1,55,H,overt,4,
"[0, 0, 255]",2,15,0.34950207,1,1,56,H,overt,4,
"[0, 0, 255]",2,5,0.41376616,1,1,57,H,overt,4,
"[0, 0, 255]",0,30,0.51884031,1,1,58,H,overt,4,
"[0, 0, 255]",2,0,0.31794104,1,1,59,H,overt,4,
"[0, 0, 255]",2,25,0.38355021,1,1,60,H,overt,4,
"[0, 0, 255]",0,25,0.41350376,1,1,61,H,overt,4,
"[0, 0, 255]",2,40,0.3881424,1,1,62,H,overt,4,
"[0, 0, 255]",0,30,0.30072217,1,1,63,H,overt,4,
"[0, 0, 255]",2,20,0.35322317,1,1,64,H,overt,4,
"[0, 0, 255]",0,20,0.27509987,1,1,65,H,overt,4,
"[0, 0, 255]",2,10,0.23841964,1,1,66,H,overt,4,
"[0, 0, 255]",0,5,0.21491137,1,1,67,H,overt,4,
"[0, 0, 255]",2,20,0.36113683,1,1,68,H,overt,4,
"[0, 0, 255]",2,5,0.22140636,1,1,69,H,overt,4,
"[0, 0, 255]",2,0,0.36033154,1,1,70,H,overt,4,
"[0, 0, 255]",0,10,0.26818653,1,1,71,H,overt,4,
"[0, 0, 255]",2,0,0.26175496,1,1,72,H,overt,4,
"[0, 0, 255]",0,5,0.2183179,1,1,1,I,Overt,4,
"[0, 0, 255]",2,30,0.2949203,1,1,2,I,Overt,4,
"[0, 0, 255]",0,10,0.2120207,1,1,3,I,Overt,4,
"[0, 0, 255]",0,0,0.3024308,1,1,4,I,Overt,4,
"[0, 0, 255]",0,5,0.2187015,1,1,5,I,Overt,4,
"[0, 0, 255]",2,25,0.171594,1,1,6,I,Overt,4,
"[0, 0, 255]",2,35,0.5694336,1,1,7,I,Overt,4,
"[0, 0, 255]",0,30,0.4469847,1,1,8,I,Overt,4,
"[0, 0, 255]",2,0,0.3400677,1,1,9,I,Overt,4,
"[0, 0, 255]",0,5,0.3131982,1,1,10,I,Overt,4,
"[0, 0, 255]",0,15,0.2929957,1,1,11,I,Overt,4,
"[0, 0, 255]",2,25,0.2941802,1,1,12,I,Overt,4,
"[0, 0, 255]",0,20,0.3548666,1,1,13,I,Overt,4,
"[0, 0, 255]",2,10,0.2541023,1,1,14,I,Overt,4,
"[0, 0, 255]",2,20,0.2078261,1,1,15,I,Overt,4,
"[0, 0, 255]",2,25,0.159001,1,1,16,I,Overt,4,
"[0, 0, 255]",2,40,0.1869307,1,1,17,I,Overt,4,
"[0, 0, 255]",0,40,0.2033485,1,1,18,I,Overt,4,
"[0, 0, 255]",2,15,-0.0416787,1,1,19,I,Overt,4,
"[0, 0, 255]",0,25,0.4328284,1,1,20,I,Overt,4,
"[0, 0, 255]",2,10,0.2006226,1,1,21,I,Overt,4,
"[0, 0, 255]",2,25,-0.0194187,1,1,22,I,Overt,4,
"[0, 0, 255]",2,30,0.1549205,1,1,23,I,Overt,4,
"[0, 0, 255]",0,15,0.2715081,1,1,24,I,Overt,4,
"[0, 0, 255]",2,35,0.1694306,1,1,25,I,Overt,4,
"[0, 0, 255]",0,20,0.2095427,1,1,26,I,Overt,4,
"[0, 0, 255]",0,40,0.2024059,1,1,27,I,Overt,4,
"[0, 0, 255]",2,10,0.1527125,1,1,28,I,Overt,4,
"[0, 0, 255]",2,15,0.2301296,1,1,29,I,Overt,4,
"[0, 0, 255]",2,15,0.2041905,1,1,30,I,Overt,4,
"[0, 0, 255]",2,10,0.1545142,1,1,31,I,Overt,4,
"[0, 0, 255]",2,5,0.4248909,1,1,32,I,Overt,4,
"[0, 0, 255]",2,15,0.2647509,1,1,33,I,Overt,4,
"[0, 0, 255]",0,10,0.3240722,1,1,34,I,Overt,4,
"[0, 0, 255]",2,0,0.2315893,1,1,35,I,Overt,4,
"[0, 0, 255]",0,15,0.2588196,1,1,36,I,Overt,4,
"[0, 0, 255]",0,0,0.3963385,1,1,37,I,Overt,4,
"[0, 0, 255]",2,5,0.2534799,1,1,38,I,Overt,4,
"[0, 0, 255]",2,20,0.1472444,1,1,39,I,Overt,4,
"[0, 0, 255]",0,40,0.3753212,1,1,40,I,Overt,4,
"[0, 0, 255]",2,30,0.3332648,1,1,41,I,Overt,4,
"[0, 0, 255]",2,40,0.3144556,1,1,42,I,Overt,4,
"[0, 0, 255]",0,35,0.16511,1,1,43,I,Overt,4,
"[0, 0, 255]",2,35,0.170682,1,1,44,I,Overt,4,
"[0, 0, 255]",0,30,0.4142017,1,1,45,I,Overt,4,
"[0, 0, 255]",0,25,0.4419416,1,1,46,I,Overt,4,
"[0, 0, 255]",0,15,0.3491883,1,1,47,I,Overt,4,
"[0, 0, 255]",0,5,0.2067892,1,1,48,I,Overt,4,
"[0, 0, 255]",2,35,0.1858459,1,1,49,I,Overt,4,
"[0, 0, 255]",0,35,0.2712334,1,1,50,I,Overt,4,
"[0, 0, 255]",0,30,0.7077039,1,1,51,I,Overt,4,
"[0, 0, 255]",2,40,0.3090569,1,1,52,I,Overt,4,
"[0, 0, 255]",2,20,0.1613584,1,1,53,I,Overt,4,
"[0, 0, 255]",0,25,0.3818387,1,1,54,I,Overt,4,
"[0, 0, 255]",0,10,0.2681506,1,1,55,I,Overt,4,
"[0, 0, 255]",2,0,0.3096449,1,1,56,I,Overt,4,
"[0, 0, 255]",0,10,0.2854104,1,1,57,I,Overt,4,
"[0, 0, 255]",0,25,0.3011504,1,1,58,I,Overt,4,
"[0, 0, 255]",0,35,0.4356999,1,1,59,I,Overt,4,
"[0, 0, 255]",2,5,0.3556738,1,1,60,I,Overt,4,
"[0, 0, 255]",0,40,0.6700939,1,1,61,I,Overt,4,
"[0, 0, 255]",0,0,0.3792961,1,1,62,I,Overt,4,
"[0, 0, 255]",0,30,0.4543336,1,1,63,I,Overt,4,
"[0, 0, 255]",2,40,0.3183206,1,1,64,I,Overt,4,
"[0, 0, 255]",0,20,0.2235755,1,1,65,I,Overt,4,
"[0, 0, 255]",2,5,0.2459562,1,1,66,I,Overt,4,
"[0, 0, 255]",2,30,0.4806784,1,1,67,I,Overt,4,
"[0, 0, 255]",0,35,0.4245679,1,1,68,I,Overt,4,
"[0, 0, 255]",2,0,0.2812518,1,1,69,I,Overt,4,
"[0, 0, 255]",2,20,0.2604893,1,1,70,I,Overt,4,
"[0, 0, 255]",0,0,0.4397937,1,1,71,I,Overt,4,
"[0, 0, 255]",0,20,0.2779587,1,1,72,I,Overt,4,
"[0, 0, 255]",2,15,0.2065236,1,1,1,I,Overt,4,
"[0, 0, 255]",0,25,0.2928544,1,1,2,I,Overt,4,
"[0, 0, 255]",2,5,0.990965,1,1,3,I,Overt,4,
"[0, 0, 255]",0,25,0.3769829,1,1,4,I,Overt,4,
"[0, 0, 255]",2,15,0.4660327,1,1,5,I,Overt,4,
"[0, 0, 255]",0,35,0.3119001,1,1,6,I,Overt,4,
"[0, 0, 255]",0,0,0.3342106,1,1,7,I,Overt,4,
"[0, 0, 255]",0,20,0.2903405,1,1,8,I,Overt,4,
"[0, 0, 255]",0,20,0.2209642,1,1,9,I,Overt,4,
"[0, 0, 255]",0,5,0.2041624,1,1,10,I,Overt,4,
"[0, 0, 255]",2,30,0.2310663,1,1,11,I,Overt,4,
"[0, 0, 255]",2,0,0.2056785,1,1,12,I,Overt,4,
"[0, 0, 255]",2,20,0.4306407,1,1,13,I,Overt,4,
"[0, 0, 255]",2,10,0.3299435,1,1,14,I,Overt,4,
"[0, 0, 255]",0,10,0.1878437,1,1,15,I,Overt,4,
"[0, 0, 255]",0,30,0.2491624,1,1,16,I,Overt,4,
"[0, 0, 255]",2,30,0.4164332,1,1,17,I,Overt,4,
"[0, 0, 255]",0,10,0.2253112,1,1,18,I,Overt,4,
"[0, 0, 255]",0,5,0.3678993,1,1,19,I,Overt,4,
"[0, 0, 255]",0,35,0.3332641,1,1,20,I,Overt,4,
"[0, 0, 255]",2,0,0.2256115,1,1,21,I,Overt,4,
"[0, 0, 255]",2,25,0.313153,1,1,22,I,Overt,4,
"[0, 0, 255]",2,15,0.2727275,1,1,23,I,Overt,4,
"[0, 0, 255]",2,10,0.2088899,1,1,24,I,Overt,4,
"[0, 0, 255]",0,30,0.2654211,1,1,25,I,Overt,4,
"[0, 0, 255]",2,10,0.2633039,1,1,26,I,Overt,4,
"[0, 0, 255]",0,10,0.244426,1,1,27,I,Overt,4,
"[0, 0, 255]",0,30,0.283408,1,1,28,I,Overt,4,
"[0, 0, 255]",0,20,0.1140901,1,1,29,I,Overt,4,
"[0, 0, 255]",2,20,0.2333175,1,1,30,I,Overt,4,
"[0, 0, 255]",0,30,0.6008078,1,1,31,I,Overt,4,
"[0, 0, 255]",0,40,0.2849545,1,1,32,I,Overt,4,
"[0, 0, 255]",0,20,0.332559,1,1,33,I,Overt,4,
"[0, 0, 255]",0,0,0.2850013,1,1,34,I,Overt,4,
"[0, 0, 255]",2,5,0.2962764,1,1,35,I,Overt,4,
"[0, 0, 255]",0,0,0.2401699,1,1,36,I,Overt,4,
"[0, 0, 255]",2,20,0.4234215,1,1,37,I,Overt,4,
"[0, 0, 255]",0,40,0.3087593,1,1,38,I,Overt,4,
"[0, 0, 255]",2,40,0.2131377,1,1,39,I,Overt,4,
"[0, 0, 255]",2,35,0.2783158,1,1,40,I,Overt,4,
"[0, 0, 255]",2,0,0.3139634,1,1,41,I,Overt,4,
"[0, 0, 255]",0,35,0.2306687,1,1,42,I,Overt,4,
"[0, 0, 255]",0,0,0.3517711,1,1,43,I,Overt,4,
"[0, 0, 255]",0,35,0.2522834,1,1,44,I,Overt,4,
"[0, 0, 255]",2,25,0.4800885,1,1,45,I,Overt,4,
"[0, 0, 255]",2,5,0.3261451,1,1,46,I,Overt,4,
"[0, 0, 255]",0,5,0.2162537,1,1,47,I,Overt,4,
"[0, 0, 255]",2,30,0.2123018,1,1,48,I,Overt,4,
"[0, 0, 255]",2,40,0.4269815,1,1,49,I,Overt,4,
"[0, 0, 255]",2,25,0.3115038,1,1,50,I,Overt,4,
"[0, 0, 255]",2,25,0.3727273,1,1,51,I,Overt,4,
"[0, 0, 255]",0,40,0.2762383,1,1,52,I,Overt,4,
"[0, 0, 255]",2,35,0.5046981,1,1,53,I,Overt,4,
"[0, 0, 255]",2,40,0.3711744,1,1,54,I,Overt,4,
"[0, 0, 255]",2,5,0.3745359,1,1,55,I,Overt,4,
"[0, 0, 255]",2,35,0.3250043,1,1,56,I,Overt,4,
"[0, 0, 255]",0,25,0.3381063,1,1,57,I,Overt,4,
"[0, 0, 255]",2,35,0.2679613,1,1,58,I,Overt,4,
"[0, 0, 255]",2,40,0.375393,1,1,59,I,Overt,4,
"[0, 0, 255]",0,15,0.2925906,1,1,60,I,Overt,4,
"[0, 0, 255]",0,15,0.577333,1,1,61,I,Overt,4,
"[0, 0, 255]",0,5,0.1990253,1,1,62,I,Overt,4,
"[0, 0, 255]",0,15,0.2483507,1,1,63,I,Overt,4,
"[0, 0, 255]",0,25,0.1827262,1,1,64,I,Overt,4,
"[0, 0, 255]",0,15,0.3567607,1,1,65,I,Overt,4,
"[0, 0, 255]",2,10,0.2970337,1,1,66,I,Overt,4,
"[0, 0, 255]",2,30,0.2366867,1,1,67,I,Overt,4,
"[0, 0, 255]",2,0,0.2627951,1,1,68,I,Overt,4,
"[0, 0, 255]",0,10,0.3148444,1,1,69,I,Overt,4,
"[0, 0, 255]",2,15,0.167276,1,1,70,I,Overt,4,
"[0, 0, 255]",0,40,0.3916411,1,1,71,I,Overt,4,
"[0, 0, 255]",2,20,0.3340622,1,1,72,I,Overt,4,
"[0, 0, 255]",0,25,0.307162,1,1,1,J,Overt,4,
"[0, 0, 255]",0,20,0.3551318,1,1,2,J,Overt,4,
"[0, 0, 255]",0,5,0.235344,1,1,3,J,Overt,4,
"[0, 0, 255]",0,35,0.2219488,1,1,4,J,Overt,4,
"[0, 0, 255]",0,35,0.2378889,1,1,5,J,Overt,4,
"[0, 0, 255]",0,30,0.1984516,1,1,6,J,Overt,4,
"[0, 0, 255]",0,0,0.2150049,1,1,7,J,Overt,4,
"[0, 0, 255]",0,25,0.0290778,1,1,8,J,Overt,4,
"[0, 0, 255]",0,15,0.2034203,1,1,9,J,Overt,4,
"[0, 0, 255]",0,30,0.0301857,1,1,10,J,Overt,4,
"[0, 0, 255]",0,10,0.1896541,1,1,11,J,Overt,4,
"[0, 0, 255]",0,15,0.2173528,1,1,12,J,Overt,4,
"[0, 0, 255]",0,20,0.0658124,1,1,13,J,Overt,4,
"[0, 0, 255]",0,20,0.1708929,1,1,14,J,Overt,4,
"[0, 0, 255]",0,5,0.3182657,1,1,15,J,Overt,4,
"[0, 0, 255]",0,5,0.0474673,1,1,16,J,Overt,4,
"[0, 0, 255]",0,40,0.2218978,1,1,17,J,Overt,4,
"[0, 0, 255]",0,25,0.3617046,1,1,18,J,Overt,4,
"[0, 0, 255]",0,35,0.1835426,1,1,19,J,Overt,4,
"[0, 0, 255]",0,0,0.3127351,1,1,20,J,Overt,4,
"[0, 0, 255]",0,15,0.2337183,1,1,21,J,Overt,4,
"[0, 0, 255]",0,35,0.2060457,1,1,22,J,Overt,4,
"[0, 0, 255]",0,0,0.1831332,1,1,23,J,Overt,4,
"[0, 0, 255]",0,40,0.2435344,1,1,24,J,Overt,4,
"[0, 0, 255]",0,10,0.1278591,1,1,25,J,Overt,4,
"[0, 0, 255]",0,40,0.2211297,1,1,26,J,Overt,4,
"[0, 0, 255]",0,15,0.1149541,1,1,27,J,Overt,4,
"[0, 0, 255]",0,20,0.2204934,1,1,28,J,Overt,4,
"[0, 0, 255]",0,30,0.0445923,1,1,29,J,Overt,4,
"[0, 0, 255]",0,40,0.2571001,1,1,30,J,Overt,4,
"[0, 0, 255]",0,10,0.1544088,1,1,31,J,Overt,4,
"[0, 0, 255]",0,5,0.0539362,1,1,32,J,Overt,4,
"[0, 0, 255]",0,10,0.2745971,1,1,33,J,Overt,4,
"[0, 0, 255]",0,25,0.0360912,1,1,34,J,Overt,4,
"[0, 0, 255]",0,30,0.1920041,1,1,35,J,Overt,4,
"[0, 0, 255]",0,0,0.3189269,1,1,36,J,Overt,4,
"[0, 0, 255]",2,5,0.2135281,1,1,280,J,Overt,4,
"[0, 0, 255]",2,5,0.210453,1,1,281,J,Overt,4,
"[0, 0, 255]",2,10,0.1158872,1,1,282,J,Overt,4,
"[0, 0, 255]",2,10,0.2135474,1,1,283,J,Overt,4,
"[0, 0, 255]",2,30,0.4005254,1,1,284,J,Overt,4,
"[0, 0, 255]",2,15,0.0156685,1,1,285,J,Overt,4,
"[0, 0, 255]",2,30,0.0543273,1,1,286,J,Overt,4,
"[0, 0, 255]",2,40,0.2347079,1,1,287,J,Overt,4,
"[0, 0, 255]",2,5,0.4089921,1,1,288,J,Overt,4,
"[0, 0, 255]",2,20,0.1710547,1,1,289,J,Overt,4,
"[0, 0, 255]",2,35,0.1990788,1,1,290,J,Overt,4,
"[0, 0, 255]",2,35,0.2312546,1,1,291,J,Overt,4,
"[0, 0, 255]",2,20,0.1803219,1,1,292,J,Overt,4,
"[0, 0, 255]",2,15,0.1991723,1,1,293,J,Overt,4,
"[0, 0, 255]",2,10,-0.0009375,1,1,294,J,Overt,4,
"[0, 0, 255]",2,10,0.2414751,1,1,295,J,Overt,4,
"[0, 0, 255]",2,15,0.1080589,1,1,296,J,Overt,4,
"[0, 0, 255]",2,0,0.2680899,1,1,297,J,Overt,4,
"[0, 0, 255]",2,20,0.202682,1,1,298,J,Overt,4,
"[0, 0, 255]",2,35,0.1631398,1,1,299,J,Overt,4,
"[0, 0, 255]",2,40,0.0736561,1,1,300,J,Overt,4,
"[0, 0, 255]",2,0,0.1207079,1,1,301,J,Overt,4,
"[0, 0, 255]",2,0,0.0681637,1,1,302,J,Overt,4,
"[0, 0, 255]",2,0,0.2258293,1,1,303,J,Overt,4,
"[0, 0, 255]",2,25,0.1182247,1,1,304,J,Overt,4,
"[0, 0, 255]",2,30,0.220053,1,1,305,J,Overt,4,
"[0, 0, 255]",2,25,0.2867602,1,1,306,J,Overt,4,
"[0, 0, 255]",2,25,0.200021,1,1,307,J,Overt,4,
"[0, 0, 255]",2,15,0.134673,1,1,308,J,Overt,4,
"[0, 0, 255]",2,30,0.4044518,1,1,309,J,Overt,4,
"[0, 0, 255]",2,20,0.0547691,1,1,310,J,Overt,4,
"[0, 0, 255]",2,40,0.240729,1,1,311,J,Overt,4,
"[0, 0, 255]",2,40,0.197571,1,1,312,J,Overt,4,
"[0, 0, 255]",2,5,0.1859352,1,1,313,J,Overt,4,
"[0, 0, 255]",2,35,0.187927,1,1,314,J,Overt,4,
"[0, 0, 255]",2,25,0.0662928,1,1,315,J,Overt,4,
"[0, 0, 255]",0,30,0.2656021,1,1,1,J,Overt,4,
"[0, 0, 255]",0,15,0.2188078,1,1,2,J,Overt,4,
"[0, 0, 255]",0,40,0.1744368,1,1,3,J,Overt,4,
"[0, 0, 255]",0,10,0.1713716,1,1,4,J,Overt,4,
"[0, 0, 255]",0,15,0.3034393,1,1,5,J,Overt,4,
"[0, 0, 255]",0,40,0.2100005,1,1,6,J,Overt,4,
"[0, 0, 255]",0,15,0.2896796,1,1,7,J,Overt,4,
"[0, 0, 255]",0,10,0.0364464,1,1,8,J,Overt,4,
"[0, 0, 255]",0,30,0.092137,1,1,9,J,Overt,4,
"[0, 0, 255]",0,0,0.2487455,1,1,10,J,Overt,4,
"[0, 0, 255]",0,20,0.221046,1,1,11,J,Overt,4,
"[0, 0, 255]",0,20,0.1805884,1,1,12,J,Overt,4,
"[0, 0, 255]",0,10,0.2196981,1,1,13,J,Overt,4,
"[0, 0, 255]",0,20,-0.0048266,1,1,14,J,Overt,4,
"[0, 0, 255]",0,0,-0.011205,1,1,15,J,Overt,4,
"[0, 0, 255]",0,15,0.196361,1,1,16,J,Overt,4,
"[0, 0, 255]",0,35,0.0921611,1,1,17,J,Overt,4,
"[0, 0, 255]",0,25,0.2106732,1,1,18,J,Overt,4,
"[0, 0, 255]",0,35,0.2308069,1,1,19,J,Overt,4,
"[0, 0, 255]",0,40,0.3189065,1,1,20,J,Overt,4,
"[0, 0, 255]",0,30,0.2096387,1,1,21,J,Overt,4,
"[0, 0, 255]",0,5,0.1708536,1,1,22,J,Overt,4,
"[0, 0, 255]",0,0,0.2236208,1,1,23,J,Overt,4,
"[0, 0, 255]",0,10,0.2401453,1,1,24,J,Overt,4,
"[0, 0, 255]",0,25,0.2001594,1,1,25,J,Overt,4,
"[0, 0, 255]",0,30,0.2260323,1,1,26,J,Overt,4,
"[0, 0, 255]",0,5,0.2413823,1,1,27,J,Overt,4,
"[0, 0, 255]",0,35,0.0487775,1,1,28,J,Overt,4,
"[0, 0, 255]",0,20,0.2519572,1,1,29,J,Overt,4,
"[0, 0, 255]",0,40,0.3660454,1,1,30,J,Overt,4,
"[0, 0, 255]",0,5,0.2373419,1,1,31,J,Overt,4,
"[0, 0, 255]",0,25,0.2445973,1,1,32,J,Overt,4,
"[0, 0, 255]",0,35,-0.0008721,1,1,33,J,Overt,4,
"[0, 0, 255]",0,0,0.1538844,1,1,34,J,Overt,4,
"[0, 0, 255]",0,5,0.3606538,1,1,35,J,Overt,4,
"[0, 0, 255]",0,25,0.2656998,1,1,36,J,Overt,4,
"[0, 0, 255]",2,25,0.2230775,1,1,280,J,Overt,4,
"[0, 0, 255]",2,0,0.154141,1,1,281,J,Overt,4,
"[0, 0, 255]",2,40,0.2699876,1,1,282,J,Overt,4,
"[0, 0, 255]",2,10,0.0842126,1,1,283,J,Overt,4,
"[0, 0, 255]",2,25,0.2494246,1,1,284,J,Overt,4,
"[0, 0, 255]",2,5,0.123619,1,1,285,J,Overt,4,
"[0, 0, 255]",2,15,0.2426589,1,1,286,J,Overt,4,
"[0, 0, 255]",2,5,0.0514455,1,1,287,J,Overt,4,
"[0, 0, 255]",2,20,0.1967762,1,1,288,J,Overt,4,
"[0, 0, 255]",2,15,0.2291583,1,1,289,J,Overt,4,
"[0, 0, 255]",2,20,0.0941372,1,1,290,J,Overt,4,
"[0, 0, 255]",2,0,0.0159693,1,1,291,J,Overt,4,
"[0, 0, 255]",2,30,0.2332181,1,1,292,J,Overt,4,
"[0, 0, 255]",2,40,0.1784988,1,1,293,J,Overt,4,
"[0, 0, 255]",2,5,0.2179204,1,1,294,J,Overt,4,
"[0, 0, 255]",2,40,0.1180286,1,1,295,J,Overt,4,
"[0, 0, 255]",2,35,0.1848041,1,1,296,J,Overt,4,
"[0, 0, 255]",2,0,0.1792675,1,1,297,J,Overt,4,
"[0, 0, 255]",2,10,0.2461202,1,1,298,J,Overt,4,
"[0, 0, 255]",2,25,0.0190068,1,1,299,J,Overt,4,
"[0, 0, 255]",2,30,0.1888686,1,1,300,J,Overt,4,
"[0, 0, 255]",2,15,0.2142855,1,1,301,J,Overt,4,
"[0, 0, 255]",2,20,0.2110432,1,1,302,J,Overt,4,
"[0, 0, 255]",2,10,0.3663424,1,1,303,J,Overt,4,
"[0, 0, 255]",2,5,0.108994,1,1,304,J,Overt,4,
"[0, 0, 255]",2,35,0.2164152,1,1,305,J,Overt,4,
"[0, 0, 255]",2,40,0.3276286,1,1,306,J,Overt,4,
"[0, 0, 255]",2,25,0.1053313,1,1,307,J,Overt,4,
"[0, 0, 255]",2,35,0.2309516,1,1,308,J,Overt,4,
"[0, 0, 255]",2,0,0.1980254,1,1,309,J,Overt,4,
"[0, 0, 255]",2,30,0.1874518,1,1,310,J,Overt,4,
"[0, 0, 255]",2,35,0.2244169,1,1,311,J,Overt,4,
"[0, 0, 255]",2,15,0.2402706,1,1,312,J,Overt,4,
"[0, 0, 255]",2,30,0.1913451,1,1,313,J,Overt,4,
"[0, 0, 255]",2,20,0.3162879,1,1,314,J,Overt,4,
"[0, 0, 255]",2,10,0.2247101,1,1,315,J,Overt,4,
"[0, 0, 255]",2,40,-0.0240538,1,1,1,K,Overt,4,
"[0, 0, 255]",2,35,0.16801375,1,1,2,K,Overt,4,
"[0, 0, 255]",0,40,-0.0220739,1,1,3,K,Overt,4,
"[0, 0, 255]",0,35,0.01150686,1,1,4,K,Overt,4,
"[0, 0, 255]",0,35,0.03515083,1,1,5,K,Overt,4,
"[0, 0, 255]",0,0,0.21506024,1,1,6,K,Overt,4,
"[0, 0, 255]",2,20,0.16880538,1,1,7,K,Overt,4,
"[0, 0, 255]",2,25,0.07738928,1,1,8,K,Overt,4,
"[0, 0, 255]",0,35,0.31116415,1,1,9,K,Overt,4,
"[0, 0, 255]",2,30,0.16152519,1,1,10,K,Overt,4,
"[0, 0, 255]",2,10,0.15767124,1,1,11,K,Overt,4,
"[0, 0, 255]",2,0,0.05709439,1,1,12,K,Overt,4,
"[0, 0, 255]",0,30,0.18759224,1,1,13,K,Overt,4,
"[0, 0, 255]",0,25,0.15108111,1,1,14,K,Overt,4,
"[0, 0, 255]",2,30,0.16487163,1,1,15,K,Overt,4,
"[0, 0, 255]",2,10,0.16240128,1,1,16,K,Overt,4,
"[0, 0, 255]",0,25,0.15675247,1,1,17,K,Overt,4,
"[0, 0, 255]",0,10,0.18031993,1,1,18,K,Overt,4,
"[0, 0, 255]",2,15,0.12490568,1,1,19,K,Overt,4,
"[0, 0, 255]",0,10,0.20857748,1,1,20,K,Overt,4,
"[0, 0, 255]",0,15,0.16588465,1,1,21,K,Overt,4,
"[0, 0, 255]",0,10,0.12862768,1,1,22,K,Overt,4,
"[0, 0, 255]",2,35,0.32412734,1,1,23,K,Overt,4,
"[0, 0, 255]",0,25,0.01823699,1,1,24,K,Overt,4,
"[0, 0, 255]",0,30,0.08748522,1,1,25,K,Overt,4,
"[0, 0, 255]",0,0,0.00252641,1,1,26,K,Overt,4,
"[0, 0, 255]",2,5,0.17132724,1,1,27,K,Overt,4,
"[0, 0, 255]",2,15,0.20771779,1,1,28,K,Overt,4,
"[0, 0, 255]",2,0,0.17694441,1,1,29,K,Overt,4,
"[0, 0, 255]",2,10,0.36248099,1,1,30,K,Overt,4,
"[0, 0, 255]",0,20,0.80689211,1,1,31,K,Overt,4,
"[0, 0, 255]",2,5,0.17742475,1,1,32,K,Overt,4,
"[0, 0, 255]",2,10,0.14496131,1,1,33,K,Overt,4,
"[0, 0, 255]",2,25,0.01429653,1,1,34,K,Overt,4,
"[0, 0, 255]",2,5,0.1796558,1,1,35,K,Overt,4,
"[0, 0, 255]",2,30,0.16704694,1,1,36,K,Overt,4,
"[0, 0, 255]",2,25,0.27217593,1,1,37,K,Overt,4,
"[0, 0, 255]",2,30,0.16350596,1,1,38,K,Overt,4,
"[0, 0, 255]",0,5,0.19225901,1,1,39,K,Overt,4,
"[0, 0, 255]",2,25,0.18403338,1,1,40,K,Overt,4,
"[0, 0, 255]",0,15,0.19243367,1,1,41,K,Overt,4,
"[0, 0, 255]",2,40,0.14692819,1,1,42,K,Overt,4,
"[0, 0, 255]",2,20,0.0905833,1,1,43,K,Overt,4,
"[0, 0, 255]",0,30,0.1436325,1,1,44,K,Overt,4,
"[0, 0, 255]",0,10,0.16036801,1,1,45,K,Overt,4,
"[0, 0, 255]",0,25,0.15813388,1,1,46,K,Overt,4,
"[0, 0, 255]",0,5,0.17164475,1,1,47,K,Overt,4,
"[0, 0, 255]",2,0,0.00217625,1,1,48,K,Overt,4,
"[0, 0, 255]",2,35,0.15323397,1,1,49,K,Overt,4,
"[0, 0, 255]",0,20,0.18267859,1,1,50,K,Overt,4,
"[0, 0, 255]",0,40,0.24012054,1,1,51,K,Overt,4,
"[0, 0, 255]",0,0,0.11992102,1,1,52,K,Overt,4,
"[0, 0, 255]",0,0,0.18776837,1,1,53,K,Overt,4,
"[0, 0, 255]",0,5,0.18485501,1,1,54,K,Overt,4,
"[0, 0, 255]",0,35,0.1932992,1,1,55,K,Overt,4,
"[0, 0, 255]",2,0,0.16274377,1,1,56,K,Overt,4,
"[0, 0, 255]",2,40,0.12539287,1,1,57,K,Overt,4,
"[0, 0, 255]",2,20,0.07322806,1,1,58,K,Overt,4,
"[0, 0, 255]",2,15,0.14333272,1,1,59,K,Overt,4,
"[0, 0, 255]",0,40,0.19706434,1,1,60,K,Overt,4,
"[0, 0, 255]",0,15,0.10982178,1,1,61,K,Overt,4,
"[0, 0, 255]",0,20,0.19733849,1,1,62,K,Overt,4,
"[0, 0, 255]",2,5,-0.0268956,1,1,63,K,Overt,4,
"[0, 0, 255]",0,5,0.15920311,1,1,64,K,Overt,4,
"[0, 0, 255]",0,30,0.16394815,1,1,65,K,Overt,4,
"[0, 0, 255]",2,15,0.20093646,1,1,66,K,Overt,4,
"[0, 0, 255]",0,40,0.02038437,1,1,67,K,Overt,4,
"[0, 0, 255]",2,20,0.16785417,1,1,68,K,Overt,4,
"[0, 0, 255]",0,20,0.155148,1,1,69,K,Overt,4,
"[0, 0, 255]",2,35,0.18161897,1,1,70,K,Overt,4,
"[0, 0, 255]",0,15,0.16073635,1,1,71,K,Overt,4,
"[0, 0, 255]",2,40,0.03948482,1,1,72,K,Overt,4,
"[0, 0, 255]",0,15,0.1575426,1,1,1,K,Overt,4,
"[0, 0, 255]",0,25,0.15349573,1,1,2,K,Overt,4,
"[0, 0, 255]",2,40,0.00121063,1,1,3,K,Overt,4,
"[0, 0, 255]",2,20,0.14417955,1,1,4,K,Overt,4,
"[0, 0, 255]",2,5,0.08998456,1,1,5,K,Overt,4,
"[0, 0, 255]",0,40,0.10007545,1,1,6,K,Overt,4,
"[0, 0, 255]",2,30,0.17815496,1,1,7,K,Overt,4,
"[0, 0, 255]",2,0,0.0863648,1,1,8,K,Overt,4,
"[0, 0, 255]",0,20,0.18865971,1,1,9,K,Overt,4,
"[0, 0, 255]",0,0,0.16667411,1,1,10,K,Overt,4,
"[0, 0, 255]",2,25,0.13933474,1,1,11,K,Overt,4,
"[0, 0, 255]",0,5,0.15578026,1,1,12,K,Overt,4,
"[0, 0, 255]",0,20,0.21998797,1,1,13,K,Overt,4,
"[0, 0, 255]",2,5,0.16440229,1,1,14,K,Overt,4,
"[0, 0, 255]",0,25,0.10481791,1,1,15,K,Overt,4,
"[0, 0, 255]",2,15,0.0255167,1,1,16,K,Overt,4,
"[0, 0, 255]",2,40,0.16819673,1,1,17,K,Overt,4,
"[0, 0, 255]",2,5,0.16830972,1,1,18,K,Overt,4,
"[0, 0, 255]",0,30,0.22978075,1,1,19,K,Overt,4,
"[0, 0, 255]",0,40,0.12970655,1,1,20,K,Overt,4,
"[0, 0, 255]",0,40,0.17259874,1,1,21,K,Overt,4,
"[0, 0, 255]",2,15,0.00163229,1,1,22,K,Overt,4,
"[0, 0, 255]",0,25,0.21501858,1,1,23,K,Overt,4,
"[0, 0, 255]",0,10,0.21193641,1,1,24,K,Overt,4,
"[0, 0, 255]",2,35,0.15737104,1,1,25,K,Overt,4,
"[0, 0, 255]",2,0,-0.0110668,1,1,26,K,Overt,4,
"[0, 0, 255]",2,30,0.16142527,1,1,27,K,Overt,4,
"[0, 0, 255]",2,10,0.17230151,1,1,28,K,Overt,4,
"[0, 0, 255]",2,10,0.16344117,1,1,29,K,Overt,4,
"[0, 0, 255]",2,25,0.20496554,1,1,30,K,Overt,4,
"[0, 0, 255]",0,30,0.19451798,1,1,31,K,Overt,4,
"[0, 0, 255]",0,20,0.19625219,1,1,32,K,Overt,4,
"[0, 0, 255]",2,40,0.32665871,1,1,33,K,Overt,4,
"[0, 0, 255]",2,30,0.18074836,1,1,34,K,Overt,4,
"[0, 0, 255]",2,0,0.23437993,1,1,35,K,Overt,4,
"[0, 0, 255]",2,35,-0.0366542,1,1,36,K,Overt,4,
"[0, 0, 255]",2,25,0.00645655,1,1,37,K,Overt,4,
"[0, 0, 255]",0,35,0.15972407,1,1,38,K,Overt,4,
"[0, 0, 255]",2,35,0.13499089,1,1,39,K,Overt,4,
"[0, 0, 255]",0,15,0.17911575,1,1,40,K,Overt,4,
"[0, 0, 255]",0,40,0.16115679,1,1,41,K,Overt,4,
"[0, 0, 255]",2,35,0.15350534,1,1,42,K,Overt,4,
"[0, 0, 255]",2,30,0.06088381,1,1,43,K,Overt,4,
"[0, 0, 255]",0,30,0.05635211,1,1,44,K,Overt,4,
"[0, 0, 255]",0,5,-0.0288267,1,1,45,K,Overt,4,
"[0, 0, 255]",0,25,0.14455266,1,1,46,K,Overt,4,
"[0, 0, 255]",0,0,0.17949733,1,1,47,K,Overt,4,
"[0, 0, 255]",0,0,0.15686171,1,1,48,K,Overt,4,
"[0, 0, 255]",0,35,0.30608047,1,1,49,K,Overt,4,
"[0, 0, 255]",0,30,0.16736792,1,1,50,K,Overt,4,
"[0, 0, 255]",2,20,0.14564411,1,1,51,K,Overt,4,
"[0, 0, 255]",0,10,0.03088648,1,1,52,K,Overt,4,
"[0, 0, 255]",2,10,0.17166857,1,1,53,K,Overt,4,
"[0, 0, 255]",0,20,0.15639324,1,1,54,K,Overt,4,
"[0, 0, 255]",2,25,0.21686377,1,1,55,K,Overt,4,
"[0, 0, 255]",0,5,0.16642304,1,1,56,K,Overt,4,
"[0, 0, 255]",2,40,0.25079915,1,1,57,K,Overt,4,
"[0, 0, 255]",2,10,0.16974008,1,1,58,K,Overt,4,
"[0, 0, 255]",0,10,0.23741348,1,1,59,K,Overt,4,
"[0, 0, 255]",0,35,0.20444114,1,1,60,K,Overt,4,
"[0, 0, 255]",0,15,0.1820598,1,1,61,K,Overt,4,
"[0, 0, 255]",2,0,0.1814652,1,1,62,K,Overt,4,
"[0, 0, 255]",2,15,0.23302193,1,1,63,K,Overt,4,
"[0, 0, 255]",2,5,0.17718198,1,1,64,K,Overt,4,
"[0, 0, 255]",0,15,0.19063666,1,1,65,K,Overt,4,
"[0, 0, 255]",2,15,0.19832139,1,1,66,K,Overt,4,
"[0, 0, 255]",0,5,0.18658678,1,1,67,K,Overt,4,
"[0, 0, 255]",0,35,0.15937152,1,1,68,K,Overt,4,
"[0, 0, 255]",2,20,0.17003961,1,1,69,K,Overt,4,
"[0, 0, 255]",0,10,0.2388851,1,1,70,K,Overt,4,
"[0, 0, 255]",2,20,0.02338695,1,1,71,K,Overt,4,
"[0, 0, 255]",0,0,0.04850799,1,1,72,K,Overt,4,
"[0, 0, 255]",2,10,0.4111778,1,1,1,L,Overt,4,
"[0, 0, 255]",2,25,0.2755965,1,1,2,L,Overt,4,
"[0, 0, 255]",2,25,0.23144,1,1,3,L,Overt,4,
"[0, 0, 255]",2,15,0.2386199,1,1,4,L,Overt,4,
"[0, 0, 255]",2,5,0.3277168,1,1,5,L,Overt,4,
"[0, 0, 255]",2,0,0.3241189,1,1,6,L,Overt,4,
"[0, 0, 255]",2,5,0.2615562,1,1,7,L,Overt,4,
"[0, 0, 255]",2,15,0.3022536,1,1,8,L,Overt,4,
"[0, 0, 255]",2,35,0.2594179,1,1,9,L,Overt,4,
"[0, 0, 255]",2,5,0.2927593,1,1,10,L,Overt,4,
"[0, 0, 255]",2,30,0.2751322,1,1,11,L,Overt,4,
"[0, 0, 255]",2,40,0.4359466,1,1,12,L,Overt,4,
"[0, 0, 255]",2,25,0.2907881,1,1,13,L,Overt,4,
"[0, 0, 255]",2,40,0.4394967,1,1,14,L,Overt,4,
"[0, 0, 255]",2,0,0.46887,1,1,15,L,Overt,4,
"[0, 0, 255]",2,0,0.3504009,1,1,16,L,Overt,4,
"[0, 0, 255]",2,35,0.4046679,1,1,17,L,Overt,4,
"[0, 0, 255]",2,10,0.4373232,1,1,18,L,Overt,4,
"[0, 0, 255]",2,20,0.2571955,1,1,19,L,Overt,4,
"[0, 0, 255]",2,25,0.3623578,1,1,20,L,Overt,4,
"[0, 0, 255]",2,40,0.2357486,1,1,21,L,Overt,4,
"[0, 0, 255]",2,20,0.252643,1,1,22,L,Overt,4,
"[0, 0, 255]",2,0,0.2209458,1,1,23,L,Overt,4,
"[0, 0, 255]",2,5,0.2563404,1,1,24,L,Overt,4,
"[0, 0, 255]",2,30,0.2829498,1,1,25,L,Overt,4,
"[0, 0, 255]",2,30,0.2285737,1,1,26,L,Overt,4,
"[0, 0, 255]",2,10,0.2703152,1,1,27,L,Overt,4,
"[0, 0, 255]",2,10,0.2777351,1,1,28,L,Overt,4,
"[0, 0, 255]",2,15,0.2064826,1,1,29,L,Overt,4,
"[0, 0, 255]",2,20,0.303307,1,1,30,L,Overt,4,
"[0, 0, 255]",2,35,0.2673057,1,1,31,L,Overt,4,
"[0, 0, 255]",2,15,0.2242929,1,1,32,L,Overt,4,
"[0, 0, 255]",2,30,0.2356898,1,1,33,L,Overt,4,
"[0, 0, 255]",2,40,0.3357181,1,1,34,L,Overt,4,
"[0, 0, 255]",2,35,0.3147073,1,1,35,L,Overt,4,
"[0, 0, 255]",2,20,0.4240079,1,1,36,L,Overt,4,
"[0, 0, 255]",2,25,0.1947066,1,1,280,L,Overt,4,
"[0, 0, 255]",2,35,0.1329296,1,1,281,L,Overt,4,
"[0, 0, 255]",2,35,0.175613,1,1,282,L,Overt,4,
"[0, 0, 255]",2,10,0.2023835,1,1,283,L,Overt,4,
"[0, 0, 255]",2,10,0.099721,1,1,284,L,Overt,4,
"[0, 0, 255]",2,20,0.2834639,1,1,285,L,Overt,4,
"[0, 0, 255]",2,15,0.3538781,1,1,286,L,Overt,4,
"[0, 0, 255]",2,5,0.0906999,1,1,287,L,Overt,4,
"[0, 0, 255]",2,35,0.1443177,1,1,288,L,Overt,4,
"[0, 0, 255]",2,40,0.3463835,1,1,289,L,Overt,4,
"[0, 0, 255]",2,40,0.1262242,1,1,290,L,Overt,4,
"[0, 0, 255]",2,30,0.2688005,1,1,291,L,Overt,4,
"[0, 0, 255]",2,10,1.0484194,1,1,292,L,Overt,4,
"[0, 0, 255]",2,30,0.3545034,1,1,293,L,Overt,4,
"[0, 0, 255]",2,10,0.1667277,1,1,294,L,Overt,4,
"[0, 0, 255]",2,15,0.299912,1,1,295,L,Overt,4,
"[0, 0, 255]",2,5,0.1578497,1,1,296,L,Overt,4,
"[0, 0, 255]",2,20,0.1736859,1,1,297,L,Overt,4,
"[0, 0, 255]",2,25,0.1708415,1,1,298,L,Overt,4,
"[0, 0, 255]",2,25,0.2900955,1,1,299,L,Overt,4,
"[0, 0, 255]",2,30,0.1747796,1,1,300,L,Overt,4,
"[0, 0, 255]",2,0,0.2207819,1,1,301,L,Overt,4,
"[0, 0, 255]",2,40,0.2778294,1,1,302,L,Overt,4,
"[0, 0, 255]",2,0,0.3039295,1,1,303,L,Overt,4,
"[0, 0, 255]",2,25,0.1072835,1,1,304,L,Overt,4,
"[0, 0, 255]",2,40,0.2162611,1,1,305,L,Overt,4,
"[0, 0, 255]",2,15,0.2840103,1,1,306,L,Overt,4,
"[0, 0, 255]",2,5,0.128891,1,1,307,L,Overt,4,
"[0, 0, 255]",2,5,0.1790479,1,1,308,L,Overt,4,
"[0, 0, 255]",2,20,0.2052858,1,1,309,L,Overt,4,
"[0, 0, 255]",2,35,0.1768905,1,1,310,L,Overt,4,
"[0, 0, 255]",2,20,0.2268428,1,1,311,L,Overt,4,
"[0, 0, 255]",2,30,0.2159536,1,1,312,L,Overt,4,
"[0, 0, 255]",2,15,0.1829226,1,1,313,L,Overt,4,
"[0, 0, 255]",2,0,0.25132,1,1,314,L,Overt,4,
"[0, 0, 255]",2,0,0.2002873,1,1,315,L,Overt,4,
"[0, 0, 255]",0,35,0.272909,1,1,1,L,Overt,4,
"[0, 0, 255]",0,25,0.1781267,1,1,2,L,Overt,4,
"[0, 0, 255]",0,40,0.3485279,1,1,3,L,Overt,4,
"[0, 0, 255]",0,30,0.311459,1,1,4,L,Overt,4,
"[0, 0, 255]",0,15,0.252585,1,1,5,L,Overt,4,
"[0, 0, 255]",0,40,0.2499422,1,1,6,L,Overt,4,
"[0, 0, 255]",0,35,0.1582395,1,1,7,L,Overt,4,
"[0, 0, 255]",0,25,0.0736196,1,1,8,L,Overt,4,
"[0, 0, 255]",0,5,0.1712552,1,1,9,L,Overt,4,
"[0, 0, 255]",0,10,0.2078957,1,1,10,L,Overt,4,
"[0, 0, 255]",0,10,0.18263,1,1,11,L,Overt,4,
"[0, 0, 255]",0,20,0.1917221,1,1,12,L,Overt,4,
"[0, 0, 255]",0,0,0.1966128,1,1,13,L,Overt,4,
"[0, 0, 255]",0,20,0.2400599,1,1,14,L,Overt,4,
"[0, 0, 255]",0,20,0.1769482,1,1,15,L,Overt,4,
"[0, 0, 255]",0,30,0.2019625,1,1,16,L,Overt,4,
"[0, 0, 255]",0,35,0.2527321,1,1,17,L,Overt,4,
"[0, 0, 255]",0,35,0.1825023,1,1,18,L,Overt,4,
"[0, 0, 255]",0,15,0.3364947,1,1,19,L,Overt,4,
"[0, 0, 255]",0,40,0.2779144,1,1,20,L,Overt,4,
"[0, 0, 255]",0,10,0.1949584,1,1,21,L,Overt,4,
"[0, 0, 255]",0,30,0.3350599,1,1,22,L,Overt,4,
"[0, 0, 255]",0,15,0.1954214,1,1,23,L,Overt,4,
"[0, 0, 255]",0,15,0.1953799,1,1,24,L,Overt,4,
"[0, 0, 255]",0,40,0.3837226,1,1,25,L,Overt,4,
"[0, 0, 255]",0,25,0.3077404,1,1,26,L,Overt,4,
"[0, 0, 255]",0,0,0.2735139,1,1,27,L,Overt,4,
"[0, 0, 255]",0,25,0.1891951,1,1,28,L,Overt,4,
"[0, 0, 255]",0,0,0.3727928,1,1,29,L,Overt,4,
"[0, 0, 255]",0,30,0.2031273,1,1,30,L,Overt,4,
"[0, 0, 255]",0,0,0.3217867,1,1,31,L,Overt,4,
"[0, 0, 255]",0,5,0.2177091,1,1,32,L,Overt,4,
"[0, 0, 255]",0,10,0.2584424,1,1,33,L,Overt,4,
"[0, 0, 255]",0,5,0.1959994,1,1,34,L,Overt,4,
"[0, 0, 255]",0,5,0.2004747,1,1,35,L,Overt,4,
"[0, 0, 255]",0,20,0.1241597,1,1,36,L,Overt,4,
"[0, 0, 255]",2,35,0.3240092,1,1,280,L,Overt,4,
"[0, 0, 255]",2,25,0.1630531,1,1,281,L,Overt,4,
"[0, 0, 255]",2,5,0.203067,1,1,282,L,Overt,4,
"[0, 0, 255]",2,40,0.1934243,1,1,283,L,Overt,4,
"[0, 0, 255]",2,25,0.2550459,1,1,284,L,Overt,4,
"[0, 0, 255]",2,5,0.3175216,1,1,285,L,Overt,4,
"[0, 0, 255]",2,0,0.276172,1,1,286,L,Overt,4,
"[0, 0, 255]",2,15,0.1806116,1,1,287,L,Overt,4,
"[0, 0, 255]",2,30,0.1537769,1,1,288,L,Overt,4,
"[0, 0, 255]",2,40,0.2151035,1,1,289,L,Overt,4,
"[0, 0, 255]",2,20,0.2183285,1,1,290,L,Overt,4,
"[0, 0, 255]",2,10,0.1567709,1,1,291,L,Overt,4,
"[0, 0, 255]",2,10,0.1871208,1,1,292,L,Overt,4,
"[0, 0, 255]",2,15,0.3224445,1,1,293,L,Overt,4,
"[0, 0, 255]",2,25,0.3955277,1,1,294,L,Overt,4,
"[0, 0, 255]",2,40,0.2449205,1,1,295,L,Overt,4,
"[0, 0, 255]",2,40,0.237833,1,1,296,L,Overt,4,
"[0, 0, 255]",2,35,0.1874374,1,1,297,L,Overt,4,
"[0, 0, 255]",2,10,0.2383638,1,1,298,L,Overt,4,
"[0, 0, 255]",2,20,0.1995459,1,1,299,L,Overt,4,
"[0, 0, 255]",2,0,0.2361252,1,1,300,L,Overt,4,
"[0, 0, 255]",2,5,0.3363067,1,1,301,L,Overt,4,
"[0, 0, 255]",2,10,0.2892357,1,1,302,L,Overt,4,
"[0, 0, 255]",2,5,0.2517998,1,1,303,L,Overt,4,
"[0, 0, 255]",2,35,0.200609,1,1,304,L,Overt,4,
"[0, 0, 255]",2,20,0.1958908,1,1,305,L,Overt,4,
"[0, 0, 255]",2,25,0.1846384,1,1,306,L,Overt,4,
"[0, 0, 255]",2,30,0.2649468,1,1,307,L,Overt,4,
"[0, 0, 255]",2,20,0.3114775,1,1,308,L,Overt,4,
"[0, 0, 255]",2,35,0.2590381,1,1,309,L,Overt,4,
"[0, 0, 255]",2,15,0.3231015,1,1,310,L,Overt,4,
"[0, 0, 255]",2,0,0.3179475,1,1,311,L,Overt,4,
"[0, 0, 255]",2,30,0.2272363,1,1,312,L,Overt,4,
"[0, 0, 255]",2,15,0.3232064,1,1,313,L,Overt,4,
"[0, 0, 255]",2,0,0.376124,1,1,314,L,Overt,4,
"[0, 0, 255]",2,30,0.2560739,1,1,315,L,Overt,4,
"[0, 0, 255]",2,0,0.4121392,1,1,1,B,Overt,4,
"[0, 0, 255]",2,0,0.3250736,1,1,2,B,Overt,4,
"[0, 0, 255]",0,0,0.397906,1,1,3,B,Overt,4,
"[0, 0, 255]",0,0,0.3000693,1,1,4,B,Overt,4,
"[0, 0, 255]",0,0,0.1877352,1,1,5,B,Overt,4,
"[0, 0, 255]",0,0,0.1926843,1,1,6,B,Overt,4,
"[0, 0, 255]",2,0,0.119985,1,1,7,B,Overt,4,
"[0, 0, 255]",2,0,0.0466715,1,1,8,B,Overt,4,
"[0, 0, 255]",2,0,0.2394836,1,1,9,B,Overt,4,
"[0, 0, 255]",0,0,0.3169246,1,1,10,B,Overt,4,
"[0, 0, 255]",2,0,0.2807123,1,1,11,B,Overt,4,
"[0, 0, 255]",0,0,0.2092752,1,1,12,B,Overt,4,
"[0, 0, 255]",0,0,0.3232441,1,1,13,B,Overt,4,
"[0, 0, 255]",2,0,0.2163902,1,1,14,B,Overt,4,
"[0, 0, 255]",0,0,0.2055485,1,1,15,B,Overt,4,
"[0, 0, 255]",2,0,0.2732849,1,1,16,B,Overt,4,
"[0, 0, 255]",2,5,0.5855189,1,1,17,B,Overt,4,
"[0, 0, 255]",2,5,0.2544742,1,1,18,B,Overt,4,
"[0, 0, 255]",0,5,0.3657604,1,1,19,B,Overt,4,
"[0, 0, 255]",0,5,0.2405621,1,1,20,B,Overt,4,
"[0, 0, 255]",2,5,0.2082415,1,1,21,B,Overt,4,
"[0, 0, 255]",0,5,0.2626526,1,1,22,B,Overt,4,
"[0, 0, 255]",0,5,0.2783888,1,1,23,B,Overt,4,
"[0, 0, 255]",2,5,0.1045463,1,1,24,B,Overt,4,
"[0, 0, 255]",0,5,0.2428249,1,1,25,B,Overt,4,
"[0, 0, 255]",2,5,0.3498873,1,1,26,B,Overt,4,
"[0, 0, 255]",2,5,0.3196644,1,1,27,B,Overt,4,
"[0, 0, 255]",0,5,0.2308238,1,1,28,B,Overt,4,
"[0, 0, 255]",0,5,0.2711002,1,1,29,B,Overt,4,
"[0, 0, 255]",2,5,0.2099846,1,1,30,B,Overt,4,
"[0, 0, 255]",0,5,0.1821248,1,1,31,B,Overt,4,
"[0, 0, 255]",2,5,0.2282361,1,1,32,B,Overt,4,
"[0, 0, 255]",0,10,0.3368013,1,1,33,B,Overt,4,
"[0, 0, 255]",2,10,0.2552818,1,1,34,B,Overt,4,
"[0, 0, 255]",0,10,0.3104315,1,1,35,B,Overt,4,
"[0, 0, 255]",0,10,0.3313963,1,1,36,B,Overt,4,
"[0, 0, 255]",0,10,0.2039674,1,1,37,B,Overt,4,
"[0, 0, 255]",2,10,0.293195,1,1,38,B,Overt,4,
"[0, 0, 255]",2,10,0.2267631,1,1,39,B,Overt,4,
"[0, 0, 255]",2,10,0.1484981,1,1,40,B,Overt,4,
"[0, 0, 255]",0,10,0.322621,1,1,41,B,Overt,4,
"[0, 0, 255]",2,10,0.254065,1,1,42,B,Overt,4,
"[0, 0, 255]",0,10,0.2455099,1,1,43,B,Overt,4,
"[0, 0, 255]",2,10,0.2859736,1,1,44,B,Overt,4,
"[0, 0, 255]",2,10,0.2047411,1,1,45,B,Overt,4,
"[0, 0, 255]",0,10,0.2119232,1,1,46,B,Overt,4,
"[0, 0, 255]",0,10,0.1830816,1,1,47,B,Overt,4,
"[0, 0, 255]",0,15,0.4980918,1,1,48,B,Overt,4,
"[0, 0, 255]",2,15,0.4321907,1,1,49,B,Overt,4,
"[0, 0, 255]",0,15,0.2678057,1,1,50,B,Overt,4,
"[0, 0, 255]",0,15,0.3928375,1,1,51,B,Overt,4,
"[0, 0, 255]",2,15,0.2851662,1,1,52,B,Overt,4,
"[0, 0, 255]",2,15,0.2061156,1,1,53,B,Overt,4,
"[0, 0, 255]",0,15,0.2834105,1,1,54,B,Overt,4,
"[0, 0, 255]",2,15,0.1812222,1,1,55,B,Overt,4,
"[0, 0, 255]",2,15,0.4586165,1,1,56,B,Overt,4,
"[0, 0, 255]",0,15,0.3456735,1,1,57,B,Overt,4,
"[0, 0, 255]",2,15,0.2882223,1,1,58,B,Overt,4,
"[0, 0, 255]",2,15,0.269184,1,1,59,B,Overt,4,
"[0, 0, 255]",0,15,0.2546527,1,1,60,B,Overt,4,
"[0, 0, 255]",0,15,0.2054892,1,1,61,B,Overt,4,
"[0, 0, 255]",2,15,0.2360766,1,1,62,B,Overt,4,
"[0, 0, 255]",0,15,0.2370308,1,1,63,B,Overt,4,
"[0, 0, 255]",2,20,0.4432958,1,1,64,B,Overt,4,
"[0, 0, 255]",0,20,0.3461473,1,1,65,B,Overt,4,
"[0, 0, 255]",2,20,0.3765321,1,1,66,B,Overt,4,
"[0, 0, 255]",2,20,0.2933396,1,1,67,B,Overt,4,
"[0, 0, 255]",0,20,0.220458,1,1,68,B,Overt,4,
"[0, 0, 255]",0,20,0.2691081,1,1,69,B,Overt,4,
"[0, 0, 255]",0,20,0.147725,1,1,70,B,Overt,4,
"[0, 0, 255]",2,20,-0.0806988,1,1,71,B,Overt,4,
"[0, 0, 255]",0,20,0.342527,1,1,72,B,Overt,4,
"[0, 0, 255]",2,20,0.3911486,1,1,73,B,Overt,4,
"[0, 0, 255]",0,20,0.2486527,1,1,74,B,Overt,4,
"[0, 0, 255]",0,20,0.2403915,1,1,75,B,Overt,4,
"[0, 0, 255]",2,20,0.2356487,1,1,76,B,Overt,4,
"[0, 0, 255]",2,20,0.3591354,1,1,77,B,Overt,4,
"[0, 0, 255]",0,20,0.2732791,1,1,78,B,Overt,4,
"[0, 0, 255]",2,20,0.2325873,1,1,79,B,Overt,4,
"[0, 0, 255]",0,25,0.3405717,1,1,80,B,Overt,4,
"[0, 0, 255]",2,25,0.3744983,1,1,81,B,Overt,4,
"[0, 0, 255]",2,25,0.3111018,1,1,82,B,Overt,4,
"[0, 0, 255]",2,25,0.2927648,1,1,83,B,Overt,4,
"[0, 0, 255]",0,25,0.266981,1,1,84,B,Overt,4,
"[0, 0, 255]",0,25,0.2785672,1,1,85,B,Overt,4,
"[0, 0, 255]",0,25,0.117912,1,1,86,B,Overt,4,
"[0, 0, 255]",2,25,-0.0021255,1,1,87,B,Overt,4,
"[0, 0, 255]",0,25,0.3752862,1,1,88,B,Overt,4,
"[0, 0, 255]",2,25,0.342105,1,1,89,B,Overt,4,
"[0, 0, 255]",2,25,0.3577754,1,1,90,B,Overt,4,
"[0, 0, 255]",0,25,0.3208428,1,1,91,B,Overt,4,
"[0, 0, 255]",2,25,0.2627927,1,1,92,B,Overt,4,
"[0, 0, 255]",0,25,0.3393464,1,1,93,B,Overt,4,
"[0, 0, 255]",0,25,0.2735042,1,1,94,B,Overt,4,
"[0, 0, 255]",2,25,0.216723,1,1,95,B,Overt,4,
"[0, 0, 255]",2,30,0.2964997,1,1,96,B,Overt,4,
"[0, 0, 255]",2,30,0.277277,1,1,97,B,Overt,4,
"[0, 0, 255]",0,30,0.3465975,1,1,98,B,Overt,4,
"[0, 0, 255]",0,30,0.2800947,1,1,99,B,Overt,4,
"[0, 0, 255]",0,30,0.2910371,1,1,100,B,Overt,4,
"[0, 0, 255]",2,30,0.3250314,1,1,101,B,Overt,4,
"[0, 0, 255]",0,30,0.2896585,1,1,102,B,Overt,4,
"[0, 0, 255]",2,30,0.3152498,1,1,103,B,Overt,4,
"[0, 0, 255]",2,30,0.3874274,1,1,104,B,Overt,4,
"[0, 0, 255]",0,30,0.3327563,1,1,105,B,Overt,4,
"[0, 0, 255]",0,30,0.3122263,1,1,106,B,Overt,4,
"[0, 0, 255]",2,30,0.3460812,1,1,107,B,Overt,4,
"[0, 0, 255]",2,30,0.2392071,1,1,108,B,Overt,4,
"[0, 0, 255]",0,30,0.2709922,1,1,109,B,Overt,4,
"[0, 0, 255]",2,30,0.2234008,1,1,110,B,Overt,4,
"[0, 0, 255]",0,30,0.2530842,1,1,111,B,Overt,4,
"[0, 0, 255]",0,35,0.4226026,1,1,112,B,Overt,4,
"[0, 0, 255]",2,35,0.3745731,1,1,113,B,Overt,4,
"[0, 0, 255]",0,35,0.336063,1,1,114,B,Overt,4,
"[0, 0, 255]",2,35,0.3377312,1,1,115,B,Overt,4,
"[0, 0, 255]",0,35,0.1840884,1,1,116,B,Overt,4,
"[0, 0, 255]",2,35,0.24421,1,1,117,B,Overt,4,
"[0, 0, 255]",0,35,0.1599003,1,1,118,B,Overt,4,
"[0, 0, 255]",2,35,0.2706459,1,1,119,B,Overt,4,
"[0, 0, 255]",0,35,0.3844015,1,1,120,B,Overt,4,
"[0, 0, 255]",2,35,0.2820233,1,1,121,B,Overt,4,
"[0, 0, 255]",0,35,0.2938097,1,1,122,B,Overt,4,
"[0, 0, 255]",2,35,0.2900374,1,1,123,B,Overt,4,
"[0, 0, 255]",2,35,0.1977698,1,1,124,B,Overt,4,
"[0, 0, 255]",0,35,0.1974628,1,1,125,B,Overt,4,
"[0, 0, 255]",2,35,0.130452,1,1,126,B,Overt,4,
"[0, 0, 255]",0,35,0.1585927,1,1,127,B,Overt,4,
"[0, 0, 255]",2,40,0.5092429,1,1,128,B,Overt,4,
"[0, 0, 255]",2,40,0.4804059,1,1,129,B,Overt,4,
"[0, 0, 255]",2,40,0.325793,1,1,130,B,Overt,4,
"[0, 0, 255]",0,40,0.4271663,1,1,131,B,Overt,4,
"[0, 0, 255]",0,40,0.3390412,1,1,132,B,Overt,4,
"[0, 0, 255]",2,40,0.37221,1,1,133,B,Overt,4,
"[0, 0, 255]",2,40,0.2148447,1,1,134,B,Overt,4,
"[0, 0, 255]",0,40,0.3049451,1,1,135,B,Overt,4,
"[0, 0, 255]",2,40,0.3218365,1,1,136,B,Overt,4,
"[0, 0, 255]",2,40,0.2736402,1,1,137,B,Overt,4,
"[0, 0, 255]",2,40,0.2650938,1,1,138,B,Overt,4,
"[0, 0, 255]",2,40,0.4517696,1,1,139,B,Overt,4,
"[0, 0, 255]",0,40,0.2743813,1,1,140,B,Overt,4,
"[0, 0, 255]",2,40,0.4164533,1,1,141,B,Overt,4,
"[0, 0, 255]",2,40,0.2614818,1,1,142,B,Overt,4,
"[0, 0, 255]",0,40,0.2788624,1,1,143,B,Overt,4,
"[0, 0, 255]",0,40,0.4485418,1,1,144,B,Overt,4,